tube,temp,resource,species,exposed,male,removed,KBP,missing,mortality_day,end_data_date,length_RAW,length_mag_correction,lm_corr_factor,inf
151,15,0.1,D,0,NA,1,NA,NA,NA,5/23/22,82,NA,NA,0
152,15,0.1,D,0,NA,1,NA,NA,NA,5/23/22,84,NA,NA,0
153,15,0.1,D,0,NA,NA,NA,NA,5/21/22,NA,91,NA,NA,0
154,15,0.1,D,0,NA,NA,NA,1,NA,5/13/22,NA,NA,NA,NA
155,15,0.1,D,0,NA,1,NA,NA,NA,5/23/22,91,NA,NA,0
156,15,0.1,D,0,NA,1,NA,NA,NA,5/23/22,84,NA,NA,0
157,15,0.1,D,0,NA,1,NA,NA,NA,5/23/22,90,NA,NA,0
158,15,0.1,D,0,NA,NA,NA,NA,5/23/22,NA,NA,NA,NA,0
159,15,0.1,D,0,NA,NA,NA,NA,4/15/22,NA,35,NA,NA,NA
160,15,0.1,D,0,NA,NA,NA,1,NA,4/14/22,NA,NA,NA,NA
161,15,0.1,D,0,NA,1,NA,NA,NA,5/23/22,84,NA,NA,0
162,15,0.1,D,0,NA,NA,NA,NA,4/16/22,NA,46,NA,NA,NA
163,15,0.1,D,0,NA,NA,NA,NA,4/12/22,NA,40,NA,NA,NA
164,15,0.1,D,0,NA,NA,NA,NA,5/23/22,NA,81,NA,NA,0
165,15,0.1,D,0,NA,NA,NA,NA,5/23/22,NA,78,NA,NA,0
166,15,0.1,D,1,NA,NA,NA,NA,5/21/22,NA,79,NA,NA,1
167,15,0.1,D,1,NA,NA,NA,NA,4/14/22,NA,44,NA,NA,NA
168,15,0.1,D,1,NA,NA,NA,NA,4/14/22,NA,42,NA,NA,NA
169,15,0.1,D,1,NA,NA,1,NA,NA,4/11/22,NA,NA,NA,NA
170,15,0.1,D,1,NA,1,NA,NA,NA,5/18/22,90,NA,NA,0
171,15,0.1,D,1,NA,1,NA,NA,NA,5/18/22,86,NA,NA,0
172,15,0.1,D,1,NA,NA,NA,NA,4/12/22,NA,33,NA,NA,NA
173,15,0.1,D,1,NA,NA,NA,NA,4/15/22,NA,48,NA,NA,NA
174,15,0.1,D,1,1,1,NA,NA,NA,5/5/22,57,NA,NA,0
175,15,0.1,D,1,NA,NA,NA,NA,4/14/22,NA,46,NA,NA,NA
176,15,0.1,D,1,NA,1,NA,NA,NA,5/18/22,84,NA,NA,0
177,15,0.1,D,1,NA,1,NA,NA,NA,5/18/22,85,NA,NA,0
178,15,0.1,D,1,NA,1,NA,NA,NA,5/18/22,90,NA,NA,0
179,15,0.1,D,1,NA,1,NA,NA,NA,5/18/22,83,NA,NA,0
180,15,0.1,D,1,NA,1,NA,NA,NA,5/18/22,82,NA,NA,0
181,15,0.1,D,1,NA,NA,NA,NA,4/13/22,NA,50,NA,NA,NA
182,15,0.1,D,1,NA,NA,NA,NA,4/13/22,NA,51,NA,NA,NA
183,15,0.1,D,1,NA,1,NA,NA,NA,5/18/22,91,NA,NA,0
184,15,0.1,D,1,NA,1,NA,NA,NA,5/18/22,81,NA,NA,0
185,15,0.1,D,1,NA,NA,NA,NA,4/13/22,NA,40,NA,NA,NA
186,15,0.1,D,1,NA,NA,NA,NA,4/14/22,NA,44,NA,NA,NA
187,15,0.1,D,1,NA,NA,NA,NA,4/17/22,NA,56,NA,NA,NA
188,15,0.1,D,1,NA,NA,NA,NA,4/13/22,NA,40,NA,NA,NA
189,15,0.1,D,1,NA,1,NA,NA,NA,5/18/22,90,NA,NA,0
190,15,0.1,D,1,NA,1,NA,NA,NA,5/18/22,84,NA,NA,0
191,15,0.1,D,1,NA,NA,NA,NA,4/14/22,NA,45,NA,NA,NA
192,15,0.1,D,1,NA,NA,NA,1,NA,4/13/22,NA,NA,NA,NA
193,15,0.1,D,1,NA,1,NA,NA,NA,5/18/22,83,NA,NA,0
194,15,0.1,D,1,NA,NA,NA,NA,4/14/22,NA,43,NA,NA,NA
195,15,0.1,D,1,NA,1,NA,NA,NA,5/18/22,86,NA,NA,0
196,15,0.1,D,1,NA,1,NA,NA,NA,5/18/22,84,NA,NA,0
197,15,0.1,D,1,NA,1,NA,NA,NA,5/18/22,89,NA,NA,0
198,15,0.1,D,1,NA,NA,NA,1,NA,4/14/22,NA,NA,NA,NA
199,15,0.1,D,1,NA,1,NA,NA,NA,5/18/22,83,NA,NA,0
200,15,0.1,D,1,NA,NA,NA,NA,4/16/22,NA,56,NA,NA,NA
201,15,0.1,D,1,NA,NA,NA,1,NA,4/11/22,NA,NA,NA,NA
202,15,0.1,D,1,NA,1,NA,NA,NA,5/18/22,87,NA,NA,0
203,15,0.1,D,1,NA,NA,NA,1,NA,4/14/22,NA,NA,NA,NA
204,15,0.1,D,1,NA,NA,NA,NA,4/14/22,NA,41,NA,NA,NA
205,15,0.1,D,1,NA,NA,NA,NA,4/14/22,NA,35,NA,NA,NA
206,15,0.1,D,1,NA,NA,NA,NA,4/12/22,NA,36,NA,NA,NA
207,15,0.1,D,1,NA,1,NA,NA,NA,5/18/22,88,NA,NA,0
208,15,0.1,D,1,NA,1,NA,NA,NA,5/18/22,91,NA,NA,0
209,15,0.1,D,1,NA,NA,NA,NA,4/12/22,NA,NA,NA,NA,NA
210,15,0.1,D,1,NA,1,NA,NA,NA,5/18/22,85,NA,NA,0
211,15,0.5,D,0,NA,NA,NA,NA,5/21/22,NA,94,NA,NA,0
212,15,0.5,D,0,NA,1,NA,NA,NA,5/23/22,93,NA,NA,0
213,15,0.5,D,0,NA,NA,NA,NA,5/1/22,NA,55,NA,NA,0
214,15,0.5,D,0,NA,1,NA,NA,NA,5/23/22,92,NA,NA,0
215,15,0.5,D,0,NA,NA,NA,NA,5/21/22,NA,82,NA,NA,0
216,15,0.5,D,0,NA,1,NA,NA,NA,5/23/22,95,NA,NA,0
217,15,0.5,D,0,NA,1,NA,NA,NA,5/23/22,92,NA,NA,0
218,15,0.5,D,0,NA,1,NA,NA,NA,5/23/22,85,NA,NA,0
219,15,0.5,D,0,NA,1,NA,NA,NA,5/23/22,93,NA,NA,0
220,15,0.5,D,0,NA,NA,NA,1,NA,4/10/22,NA,NA,NA,NA
221,15,0.5,D,0,NA,1,NA,NA,NA,5/23/22,88,NA,NA,0
222,15,0.5,D,0,NA,1,NA,NA,NA,5/23/22,99,NA,NA,0
223,15,0.5,D,0,NA,1,NA,NA,NA,5/23/22,92,NA,NA,0
224,15,0.5,D,0,NA,1,NA,NA,NA,5/23/22,94,NA,NA,0
225,15,0.5,D,0,NA,NA,NA,NA,5/21/22,NA,94,NA,NA,0
226,15,0.5,D,1,1,1,NA,NA,NA,5/1/22,56,NA,NA,0
227,15,0.5,D,1,NA,1,NA,NA,NA,5/18/22,92,NA,NA,0
228,15,0.5,D,1,NA,1,NA,NA,NA,5/18/22,91,NA,NA,0
229,15,0.5,D,1,NA,NA,NA,NA,5/12/22,NA,60,NA,NA,1
230,15,0.5,D,1,1,1,NA,NA,NA,5/1/22,57,NA,NA,0
231,15,0.5,D,1,NA,1,NA,NA,NA,5/18/22,93,NA,NA,0
232,15,0.5,D,1,NA,1,NA,NA,NA,5/18/22,100,NA,NA,0
233,15,0.5,D,1,NA,NA,NA,1,NA,4/20/22,NA,NA,NA,NA
234,15,0.5,D,1,NA,1,NA,NA,NA,5/18/22,95,NA,NA,0
235,15,0.5,D,1,NA,1,NA,NA,NA,5/18/22,92,NA,NA,0
236,15,0.5,D,1,NA,1,NA,NA,NA,5/18/22,97,NA,NA,0
237,15,0.5,D,1,NA,1,NA,NA,NA,5/18/22,97,NA,NA,0
238,15,0.5,D,1,1,1,NA,NA,NA,5/1/22,58,NA,NA,0
239,15,0.5,D,1,NA,1,NA,NA,NA,5/18/22,88,NA,NA,0
240,15,0.5,D,1,NA,NA,NA,1,NA,5/14/22,NA,NA,NA,NA
241,15,0.5,D,1,NA,1,NA,NA,NA,5/18/22,94,NA,NA,0
242,15,0.5,D,1,NA,NA,NA,NA,5/4/22,NA,40,NA,NA,0
243,15,0.5,D,1,NA,1,NA,NA,NA,5/18/22,93,NA,NA,0
244,15,0.5,D,1,NA,1,NA,NA,NA,5/18/22,95,NA,NA,0
245,15,0.5,D,1,NA,NA,NA,NA,5/7/22,NA,85,NA,NA,1
246,15,0.5,D,1,NA,1,NA,NA,NA,5/18/22,94,NA,NA,0
247,15,0.5,D,1,NA,1,NA,NA,NA,5/18/22,90,NA,NA,0
248,15,0.5,D,1,NA,NA,NA,NA,4/15/22,NA,43,NA,NA,NA
249,15,0.5,D,1,NA,1,NA,NA,NA,5/18/22,86,NA,NA,0
250,15,0.5,D,1,NA,1,NA,NA,NA,5/18/22,86,NA,NA,0
251,15,0.5,D,1,NA,NA,NA,NA,5/4/22,NA,74,NA,NA,0
252,15,0.5,D,1,NA,1,NA,NA,NA,5/18/22,93,NA,NA,0
253,15,0.5,D,1,NA,1,NA,NA,NA,5/18/22,94,NA,NA,0
254,15,0.5,D,1,NA,1,NA,NA,NA,5/18/22,87,NA,NA,0
255,15,0.5,D,1,NA,1,NA,NA,NA,5/18/22,96,NA,NA,0
256,15,0.5,D,1,NA,NA,NA,1,NA,4/11/22,NA,NA,NA,NA
257,15,0.5,D,1,NA,NA,NA,NA,5/21/22,NA,85,NA,NA,1
258,15,0.5,D,1,NA,NA,NA,NA,4/22/22,NA,64,NA,NA,0
259,15,0.5,D,1,NA,NA,NA,1,NA,4/20/22,NA,NA,NA,NA
260,15,0.5,D,1,NA,NA,NA,NA,4/14/22,NA,40,NA,NA,NA
261,15,0.5,D,1,NA,1,NA,NA,NA,5/18/22,92,NA,NA,0
262,15,0.5,D,1,NA,1,NA,NA,NA,5/18/22,91,NA,NA,0
263,15,0.5,D,1,NA,1,NA,NA,NA,5/18/22,94,NA,NA,0
264,15,0.5,D,1,NA,1,NA,NA,NA,5/18/22,97,NA,NA,0
265,15,0.5,D,1,NA,NA,NA,NA,4/15/22,NA,46,NA,NA,NA
266,15,0.5,D,1,NA,1,NA,NA,NA,5/18/22,94,NA,NA,0
267,15,0.5,D,1,NA,1,NA,NA,NA,5/18/22,94,NA,NA,0
268,15,0.5,D,1,NA,1,NA,NA,NA,5/18/22,96,NA,NA,0
269,15,0.5,D,1,1,1,NA,NA,NA,5/1/22,56,NA,NA,0
270,15,0.5,D,1,NA,NA,NA,1,NA,4/13/22,NA,NA,NA,NA
271,15,1,D,0,NA,1,NA,NA,NA,5/23/22,86,NA,NA,0
272,15,1,D,0,NA,1,NA,NA,NA,5/23/22,85,NA,NA,0
273,15,1,D,0,NA,1,NA,NA,NA,5/23/22,89,NA,NA,0
274,15,1,D,0,NA,1,NA,NA,NA,5/23/22,90,NA,NA,0
275,15,1,D,0,NA,NA,1,NA,NA,5/11/22,88,NA,NA,0
276,15,1,D,0,NA,1,NA,NA,NA,5/23/22,89,NA,NA,0
277,15,1,D,0,1,1,NA,NA,NA,5/5/22,57,NA,NA,0
278,15,1,D,0,NA,1,NA,NA,NA,5/23/22,87,NA,NA,0
279,15,1,D,0,NA,1,NA,NA,NA,5/23/22,87,NA,NA,0
280,15,1,D,0,NA,1,NA,NA,NA,5/23/22,82,NA,NA,0
281,15,1,D,0,NA,NA,NA,NA,5/21/22,NA,88,NA,NA,0
282,15,1,D,0,NA,1,NA,NA,NA,5/23/22,93,NA,NA,0
283,15,1,D,0,NA,1,NA,NA,NA,5/23/22,87,NA,NA,0
284,15,1,D,0,NA,1,NA,NA,NA,5/23/22,88,NA,NA,0
285,15,1,D,0,NA,NA,NA,NA,5/21/22,NA,89,NA,NA,0
286,15,1,D,1,NA,1,NA,NA,NA,5/18/22,81,NA,NA,0
287,15,1,D,1,NA,NA,NA,1,NA,4/11/22,NA,NA,NA,NA
288,15,1,D,1,NA,1,NA,NA,NA,5/18/22,87,NA,NA,0
289,15,1,D,1,NA,1,NA,NA,NA,5/18/22,86,NA,NA,0
290,15,1,D,1,NA,1,NA,NA,NA,5/18/22,90,NA,NA,0
291,15,1,D,1,NA,NA,NA,NA,5/17/22,NA,86,NA,NA,1
292,15,1,D,1,NA,NA,NA,NA,4/15/22,NA,46,NA,NA,NA
293,15,1,D,1,NA,1,NA,NA,NA,5/18/22,92,NA,NA,0
294,15,1,D,1,NA,1,NA,NA,NA,5/18/22,89,NA,NA,0
295,15,1,D,1,NA,1,NA,NA,NA,5/18/22,87,NA,NA,0
296,15,1,D,1,NA,1,NA,NA,NA,5/18/22,89,NA,NA,0
297,15,1,D,1,NA,NA,NA,1,NA,4/11/22,NA,NA,NA,NA
298,15,1,D,1,NA,1,NA,NA,NA,5/18/22,78,NA,NA,0
299,15,1,D,1,NA,NA,NA,NA,5/20/22,NA,87,NA,NA,1
300,15,1,D,1,NA,1,NA,NA,NA,5/18/22,87,NA,NA,0
301,15,1,D,1,NA,NA,NA,NA,5/19/22,NA,88,NA,NA,1
302,15,1,D,1,NA,1,NA,NA,NA,5/18/22,89,NA,NA,0
303,15,1,D,1,NA,NA,NA,NA,5/13/22,NA,NA,NA,NA,1
304,15,1,D,1,NA,NA,NA,NA,5/21/22,NA,79,NA,NA,1
305,15,1,D,1,NA,NA,NA,NA,4/14/22,NA,35,NA,NA,NA
306,15,1,D,1,NA,1,NA,NA,NA,5/18/22,84,NA,NA,0
307,15,1,D,1,NA,1,NA,NA,NA,5/18/22,82,NA,NA,0
308,15,1,D,1,NA,1,NA,NA,NA,5/18/22,88,NA,NA,0
309,15,1,D,1,NA,NA,NA,NA,5/13/22,NA,86,NA,NA,1
310,15,1,D,1,NA,1,NA,NA,NA,5/18/22,95,NA,NA,0
311,15,1,D,1,NA,1,NA,NA,NA,5/18/22,87,NA,NA,0
312,15,1,D,1,NA,NA,NA,NA,5/7/22,NA,83,NA,NA,0
313,15,1,D,1,NA,NA,NA,NA,4/14/22,NA,65,NA,NA,NA
314,15,1,D,1,NA,1,NA,NA,NA,5/18/22,86,NA,NA,0
315,15,1,D,1,NA,NA,NA,NA,5/17/22,NA,84,NA,NA,1
316,15,1,D,1,NA,1,NA,NA,NA,5/18/22,91,NA,NA,0
317,15,1,D,1,NA,1,NA,NA,NA,5/18/22,89,NA,NA,0
318,15,1,D,1,NA,NA,NA,NA,5/19/22,NA,83,NA,NA,1
319,15,1,D,1,NA,1,NA,NA,NA,5/18/22,81,NA,NA,0
320,15,1,D,1,NA,NA,NA,NA,5/18/22,NA,84,NA,NA,1
321,15,1,D,1,NA,NA,NA,NA,5/21/22,NA,85,NA,NA,1
322,15,1,D,1,NA,1,NA,NA,NA,5/18/22,86,NA,NA,0
323,15,1,D,1,NA,1,NA,NA,NA,5/18/22,89,NA,NA,0
324,15,1,D,1,NA,NA,NA,NA,5/22/22,NA,97,NA,NA,1
325,15,1,D,1,NA,1,NA,NA,NA,5/18/22,86,NA,NA,0
326,15,1,D,1,NA,1,NA,NA,NA,5/18/22,87,NA,NA,0
327,15,1,D,1,NA,1,NA,NA,NA,5/18/22,86,NA,NA,0
328,15,1,D,1,NA,NA,NA,NA,5/12/22,NA,84,NA,NA,1
329,15,1,D,1,NA,1,NA,NA,NA,5/18/22,88,NA,NA,0
330,15,1,D,1,NA,1,NA,NA,NA,5/18/22,90,NA,NA,0
331,20,0.1,D,0,NA,NA,NA,1,NA,5/21/22,NA,NA,NA,NA
332,20,0.1,D,0,NA,NA,NA,NA,5/19/22,NA,92,NA,NA,0
333,20,0.1,D,0,NA,NA,NA,NA,5/22/22,NA,NA,NA,NA,0
334,20,0.1,D,0,NA,NA,NA,NA,5/23/22,NA,95,NA,NA,0
335,20,0.1,D,0,NA,NA,NA,NA,4/29/22,NA,NA,NA,NA,0
336,20,0.1,D,0,NA,NA,NA,NA,5/16/22,NA,88,NA,NA,0
337,20,0.1,D,0,NA,NA,1,NA,NA,4/23/22,76,NA,NA,0
338,20,0.1,D,0,NA,NA,NA,NA,5/23/22,NA,NA,NA,NA,0
339,20,0.1,D,0,NA,NA,NA,1,NA,4/21/22,NA,NA,NA,NA
340,20,0.1,D,0,NA,NA,NA,NA,5/22/22,NA,95,NA,NA,0
341,20,0.1,D,0,NA,NA,NA,NA,5/21/22,NA,92,NA,NA,0
342,20,0.1,D,0,1,1,NA,NA,NA,5/1/22,63,NA,NA,0
343,20,0.1,D,0,NA,NA,NA,NA,5/23/22,NA,91,NA,NA,0
344,20,0.1,D,0,NA,NA,NA,NA,5/23/22,NA,95,NA,NA,0
345,20,0.1,D,0,NA,NA,NA,NA,5/23/22,NA,NA,NA,NA,0
346,20,0.1,D,1,NA,NA,NA,NA,4/29/22,NA,73,NA,NA,1
347,20,0.1,D,1,NA,NA,NA,NA,4/30/22,NA,81,NA,NA,1
348,20,0.1,D,1,NA,NA,NA,NA,4/23/22,NA,54,NA,NA,1
349,20,0.1,D,1,NA,NA,NA,NA,5/2/22,NA,82,NA,NA,1
350,20,0.1,D,1,NA,NA,NA,NA,4/28/22,NA,76,NA,NA,1
351,20,0.1,D,1,NA,NA,NA,NA,5/1/22,NA,76,NA,NA,1
352,20,0.1,D,1,NA,NA,NA,NA,4/29/22,NA,79,NA,NA,1
353,20,0.1,D,1,NA,NA,NA,NA,4/29/22,NA,81,NA,NA,1
354,20,0.1,D,1,NA,NA,NA,NA,4/27/22,NA,80,NA,NA,1
355,20,0.1,D,1,NA,NA,NA,NA,4/29/22,NA,75,NA,NA,1
356,20,0.1,D,1,NA,NA,NA,NA,4/30/22,NA,83,NA,NA,1
357,20,0.1,D,1,1,NA,NA,NA,4/20/22,NA,53,NA,NA,1
358,20,0.1,D,1,1,1,NA,NA,NA,4/30/22,54,NA,NA,0
359,20,0.1,D,1,1,NA,NA,NA,4/24/22,NA,59,NA,NA,1
360,20,0.1,D,1,NA,NA,NA,1,NA,4/20/22,NA,NA,NA,NA
361,20,0.1,D,1,NA,1,NA,NA,NA,5/19/22,97,NA,NA,0
362,20,0.1,D,1,NA,NA,NA,NA,4/29/22,NA,NA,NA,NA,1
363,20,0.1,D,1,NA,NA,NA,NA,4/24/22,NA,74,NA,NA,1
364,20,0.1,D,1,NA,NA,NA,NA,4/29/22,NA,67,NA,NA,1
365,20,0.1,D,1,NA,1,NA,NA,4/30/22,NA,77,NA,NA,1
366,20,0.1,D,1,NA,NA,NA,NA,NA,5/18/22,94,NA,NA,0
367,20,0.1,D,1,NA,NA,NA,NA,4/16/22,NA,74,NA,NA,NA
368,20,0.1,D,1,1,NA,NA,NA,4/23/22,NA,64,NA,NA,1
369,20,0.1,D,1,NA,NA,NA,NA,4/29/22,NA,77,NA,NA,1
370,20,0.1,D,1,NA,NA,NA,NA,4/29/22,NA,NA,NA,NA,NA
371,20,0.1,D,1,NA,NA,NA,NA,4/23/22,NA,76,NA,NA,1
372,20,0.1,D,1,NA,NA,NA,NA,4/29/22,NA,NA,NA,NA,1
373,20,0.1,D,1,NA,NA,NA,NA,4/22/22,NA,NA,NA,NA,1
374,20,0.1,D,1,NA,NA,NA,NA,4/22/22,NA,57,NA,NA,1
375,20,0.1,D,1,NA,NA,NA,NA,4/29/22,NA,NA,NA,NA,NA
376,20,0.5,D,0,NA,NA,NA,NA,5/21/22,NA,94,1,-1,0
377,20,0.5,D,0,NA,NA,NA,NA,5/21/22,NA,97,1,-1,0
378,20,0.5,D,0,NA,NA,1,NA,NA,4/15/22,71,NA,NA,NA
379,20,0.5,D,0,NA,NA,NA,NA,5/23/22,NA,96,1,-1,0
380,20,0.5,D,0,NA,NA,NA,NA,5/23/22,NA,NA,NA,NA,0
381,20,0.5,D,0,1,1,NA,NA,NA,5/1/22,59,NA,NA,0
382,20,0.5,D,0,NA,1,NA,NA,NA,5/23/22,98,NA,NA,0
383,20,0.5,D,0,NA,NA,NA,NA,4/23/22,NA,88,NA,NA,0
384,20,0.5,D,0,NA,NA,NA,NA,5/21/22,NA,93,1,-1,0
385,20,0.5,D,0,NA,NA,NA,NA,4/24/22,NA,84,NA,NA,0
386,20,0.5,D,0,NA,NA,NA,NA,4/24/22,NA,88,NA,NA,0
387,20,0.5,D,0,NA,1,NA,NA,NA,5/23/22,96,1,-1,0
388,20,0.5,D,0,NA,NA,NA,1,4/12/22,NA,NA,NA,NA,NA
389,20,0.5,D,0,1,1,NA,NA,NA,5/1/22,59,NA,NA,0
390,20,0.5,D,0,NA,1,NA,NA,NA,5/23/22,83,1,-2,0
391,20,0.5,D,1,NA,1,NA,NA,NA,5/18/22,100,1,-1,0
392,20,0.5,D,1,NA,NA,NA,NA,4/22/22,NA,59,NA,NA,1
393,20,0.5,D,1,NA,NA,NA,NA,4/15/22,NA,NA,NA,NA,1
394,20,0.5,D,1,NA,NA,NA,NA,4/30/22,NA,84,NA,NA,0
395,20,0.5,D,1,NA,NA,NA,NA,5/1/22,NA,88,NA,NA,1
396,20,0.5,D,1,NA,NA,NA,NA,4/25/22,NA,NA,NA,NA,1
397,20,0.5,D,1,NA,1,NA,NA,NA,5/18/22,93,1,-1,0
398,20,0.5,D,1,NA,NA,NA,NA,NA,5/5/22,NA,NA,NA,NA
399,20,0.5,D,1,1,NA,NA,NA,4/24/22,NA,62,NA,NA,1
400,20,0.5,D,1,NA,1,NA,NA,NA,5/18/22,95,1,-1,0
401,20,0.5,D,1,NA,1,NA,NA,NA,5/18/22,91,1,-1,0
402,20,0.5,D,1,NA,1,NA,NA,NA,5/18/22,95,1,-1,0
403,20,0.5,D,1,1,1,NA,NA,NA,5/1/22,62,NA,NA,0
404,20,0.5,D,1,NA,NA,NA,NA,4/23/22,NA,74,NA,NA,1
405,20,0.5,D,1,NA,NA,NA,NA,4/25/22,NA,77,NA,NA,1
406,20,0.5,D,1,1,1,NA,NA,NA,5/1/22,61,NA,NA,0
407,20,0.5,D,1,NA,NA,NA,NA,4/21/22,NA,77,NA,NA,0
408,20,0.5,D,1,NA,NA,NA,NA,4/23/22,NA,85,NA,NA,1
409,20,0.5,D,1,NA,1,NA,NA,NA,5/18/22,96,1,-1,0
410,20,0.5,D,1,NA,1,NA,NA,NA,5/18/22,92,1,-1,0
411,20,0.5,D,1,NA,NA,NA,NA,4/25/22,NA,72,NA,NA,1
412,20,0.5,D,1,NA,1,NA,NA,NA,5/18/22,94,1,-1,0
413,20,0.5,D,1,NA,NA,NA,NA,5/1/22,NA,85,NA,NA,1
414,20,0.5,D,1,NA,NA,NA,NA,4/22/22,NA,77,NA,NA,1
415,20,0.5,D,1,1,1,NA,NA,NA,5/1/22,61,NA,NA,0
416,20,0.5,D,1,NA,NA,NA,NA,4/25/22,NA,79,NA,NA,1
417,20,0.5,D,1,1,NA,NA,NA,4/22/22,NA,52,NA,NA,0
418,20,0.5,D,1,NA,NA,NA,NA,4/29/22,NA,81,NA,NA,1
419,20,0.5,D,1,NA,1,NA,NA,NA,5/18/22,91,1,-1,0
420,20,0.5,D,1,NA,1,NA,NA,NA,5/18/22,95,1,-1,0
421,20,1,D,0,1,1,NA,NA,NA,5/1/22,63,NA,NA,0
422,20,1,D,0,NA,1,NA,NA,NA,5/23/22,82,1,-2,0
423,20,1,D,0,NA,NA,NA,NA,5/20/22,NA,94,1,-1,0
424,20,1,D,0,NA,NA,NA,NA,5/22/22,NA,94,1,-1,0
425,20,1,D,0,NA,1,NA,NA,NA,5/23/22,80,1,-2,0
426,20,1,D,0,NA,1,NA,NA,NA,5/23/22,99,1,-1,0
427,20,1,D,0,NA,NA,NA,NA,5/20/22,NA,80,1,-2,0
428,20,1,D,0,NA,NA,NA,NA,5/22/22,NA,97,1,-1,0
429,20,1,D,0,NA,NA,NA,NA,5/22/22,NA,99,1,-1,0
430,20,1,D,0,NA,1,NA,NA,NA,5/23/22,82,1,-2,0
431,20,1,D,0,NA,1,NA,NA,NA,5/23/22,98,1,-1,0
432,20,1,D,0,1,NA,1,NA,NA,4/23/22,57,NA,NA,0
433,20,1,D,0,NA,NA,NA,NA,5/14/22,NA,91,1,-1,0
434,20,1,D,0,NA,1,NA,NA,NA,5/23/22,82,1,-2,0
435,20,1,D,0,1,1,NA,NA,NA,5/1/22,61,NA,NA,0
436,20,1,D,1,NA,1,NA,NA,NA,5/18/22,80,1,-2,0
437,20,1,D,1,NA,1,NA,NA,NA,5/18/22,98,1,-1,0
438,20,1,D,1,NA,1,NA,NA,NA,5/18/22,96,1,-1,0
439,20,1,D,1,NA,NA,NA,NA,4/26/22,NA,75,NA,NA,1
440,20,1,D,1,NA,NA,NA,NA,4/20/22,NA,85,NA,NA,1
441,20,1,D,1,NA,1,NA,NA,NA,5/18/22,92,1,-1,0
442,20,1,D,1,NA,NA,NA,NA,4/22/22,NA,78,NA,NA,1
443,20,1,D,1,NA,NA,NA,NA,4/25/22,NA,82,NA,NA,1
444,20,1,D,1,NA,1,NA,NA,NA,5/18/22,97,1,-1,0
445,20,1,D,1,NA,1,NA,NA,NA,5/18/22,95,1,-1,0
446,20,1,D,1,NA,1,NA,NA,NA,5/18/22,79,1,-2,0
447,20,1,D,1,NA,NA,NA,NA,4/24/22,NA,83,NA,NA,1
448,20,1,D,1,NA,1,NA,NA,NA,5/18/22,98,1,-1,0
449,20,1,D,1,NA,NA,NA,NA,4/24/22,NA,78,NA,NA,1
450,20,1,D,1,NA,NA,NA,1,NA,4/23/22,NA,NA,NA,NA
451,20,1,D,1,NA,NA,NA,NA,4/25/22,NA,82,NA,NA,1
452,20,1,D,1,NA,NA,NA,NA,4/29/22,NA,78,NA,NA,1
453,20,1,D,1,NA,NA,NA,NA,4/24/22,NA,NA,NA,NA,1
454,20,1,D,1,NA,1,NA,NA,NA,5/18/22,81,1,-2,0
455,20,1,D,1,NA,NA,NA,NA,4/24/22,NA,84,NA,NA,1
456,20,1,D,1,NA,NA,NA,NA,4/29/22,NA,80,NA,NA,1
457,20,1,D,1,NA,NA,NA,NA,4/24/22,NA,83,NA,NA,1
458,20,1,D,1,NA,1,NA,NA,NA,5/18/22,82,1,-2,0
459,20,1,D,1,NA,NA,NA,NA,4/30/22,NA,80,NA,NA,1
460,20,1,D,1,NA,1,NA,NA,NA,5/18/22,80,1,-2,0
461,20,1,D,1,NA,NA,NA,NA,4/24/22,NA,76,NA,NA,1
462,20,1,D,1,NA,NA,NA,NA,4/24/22,NA,85,NA,NA,1
463,20,1,D,1,NA,NA,NA,1,NA,4/10/22,NA,NA,NA,NA
464,20,1,D,1,NA,NA,NA,1,NA,4/10/22,NA,NA,NA,NA
465,20,1,D,1,NA,1,NA,NA,NA,5/18/22,100,1,-1,0
466,25,0.1,D,0,NA,NA,NA,NA,4/13/22,NA,65,NA,NA,0
467,25,0.1,D,0,NA,NA,NA,NA,5/9/22,NA,92,NA,NA,1
468,25,0.1,D,0,NA,NA,NA,NA,5/13/22,NA,95,NA,NA,0
469,25,0.1,D,0,NA,NA,NA,NA,5/22/22,NA,NA,NA,NA,0
470,25,0.1,D,0,NA,NA,NA,NA,5/17/22,NA,94,NA,NA,0
471,25,0.1,D,0,NA,NA,NA,NA,4/14/22,NA,74,NA,NA,NA
472,25,0.1,D,0,NA,NA,NA,NA,5/23/22,NA,NA,NA,NA,0
473,25,0.1,D,0,NA,NA,NA,NA,5/22/22,NA,97,NA,NA,0
474,25,0.1,D,0,NA,NA,NA,NA,5/22/22,NA,90,1,-1,0
475,25,0.1,D,0,NA,NA,NA,NA,5/22/22,NA,97,NA,NA,0
476,25,0.1,D,0,NA,NA,NA,NA,5/23/22,NA,NA,NA,NA,0
477,25,0.1,D,0,NA,NA,NA,1,NA,4/22/22,NA,NA,NA,NA
478,25,0.1,D,0,NA,NA,NA,NA,5/23/22,NA,NA,NA,NA,0
479,25,0.1,D,0,NA,NA,NA,NA,5/22/22,NA,91,1,-1,0
480,25,0.1,D,0,NA,NA,NA,NA,5/17/22,NA,96,NA,NA,0
481,25,0.1,D,1,NA,NA,NA,NA,4/11/22,NA,NA,NA,NA,NA
482,25,0.1,D,1,NA,NA,NA,NA,4/14/22,NA,74,NA,NA,NA
483,25,0.1,D,1,NA,NA,1,NA,NA,4/26/22,NA,NA,NA,NA
484,25,0.1,D,1,NA,NA,NA,1,NA,4/25/22,NA,NA,NA,NA
485,25,0.1,D,1,NA,NA,NA,1,NA,4/25/22,NA,NA,NA,NA
486,25,0.1,D,1,NA,NA,NA,NA,4/18/22,NA,78,NA,NA,1
487,25,0.1,D,1,NA,NA,1,NA,NA,4/26/22,NA,NA,NA,NA
488,25,0.1,D,1,NA,NA,NA,1,NA,4/25/22,NA,NA,NA,NA
489,25,0.1,D,1,NA,NA,NA,1,NA,4/24/22,NA,NA,NA,NA
490,25,0.1,D,1,NA,NA,NA,NA,4/24/22,NA,79,NA,NA,1
491,25,0.1,D,1,NA,NA,NA,NA,4/23/22,NA,73,NA,NA,1
492,25,0.1,D,1,NA,NA,NA,1,NA,4/19/22,NA,NA,NA,NA
493,25,0.1,D,1,NA,NA,NA,NA,4/24/22,NA,77,NA,NA,1
494,25,0.1,D,1,NA,NA,NA,NA,4/23/22,NA,78,NA,NA,1
495,25,0.1,D,1,NA,NA,NA,NA,4/21/22,NA,77,NA,NA,1
496,25,0.1,D,1,NA,NA,NA,NA,4/26/22,NA,87,NA,NA,1
497,25,0.1,D,1,NA,NA,NA,NA,4/17/22,NA,79,NA,NA,1
498,25,0.1,D,1,NA,NA,NA,NA,4/22/22,NA,77,NA,NA,1
499,25,0.1,D,1,NA,NA,1,NA,NA,4/26/22,NA,NA,NA,NA
500,25,0.1,D,1,NA,NA,NA,NA,4/24/22,NA,80,NA,NA,1
501,25,0.1,D,1,NA,NA,NA,NA,4/20/22,NA,71,NA,NA,1
502,25,0.1,D,1,NA,NA,NA,NA,4/24/22,NA,NA,NA,NA,1
503,25,0.1,D,1,1,NA,NA,NA,4/21/22,NA,60,NA,NA,1
504,25,0.1,D,1,NA,NA,NA,NA,4/23/22,NA,77,NA,NA,1
505,25,0.1,D,1,NA,NA,NA,NA,4/24/22,NA,81,NA,NA,1
506,25,0.1,D,1,NA,NA,NA,NA,4/24/22,NA,NA,NA,NA,1
507,25,0.1,D,1,NA,NA,NA,1,NA,4/11/22,NA,NA,NA,NA
508,25,0.1,D,1,NA,NA,NA,NA,4/24/22,NA,80,NA,NA,1
509,25,0.1,D,1,NA,NA,NA,NA,4/26/22,NA,57,NA,NA,1
510,25,0.1,D,1,NA,NA,NA,1,NA,4/10/22,NA,NA,NA,NA
511,25,0.5,D,0,NA,NA,NA,1,NA,4/10/22,NA,NA,NA,NA
512,25,0.5,D,0,NA,NA,NA,NA,5/21/22,NA,86,1,-2,0
513,25,0.5,D,0,NA,NA,NA,NA,5/22/22,NA,NA,NA,NA,0
514,25,0.5,D,0,NA,1,NA,NA,NA,5/23/22,83,1,-2,0
515,25,0.5,D,0,NA,NA,NA,NA,5/21/22,NA,84,1,-2,0
516,25,0.5,D,0,NA,NA,NA,NA,4/10/22,NA,70,NA,NA,NA
517,25,0.5,D,0,NA,NA,NA,NA,5/22/22,NA,NA,NA,NA,0
518,25,0.5,D,0,NA,NA,NA,NA,4/10/22,NA,72,NA,NA,NA
519,25,0.5,D,0,NA,1,NA,NA,NA,5/23/22,81,1,-2,0
520,25,0.5,D,0,NA,NA,NA,NA,4/10/22,NA,70,NA,NA,NA
521,25,0.5,D,0,NA,NA,NA,NA,5/23/22,NA,81,1,-2,0
522,25,0.5,D,0,NA,NA,1,NA,NA,4/18/22,NA,NA,NA,0
523,25,0.5,D,0,NA,NA,NA,NA,5/22/22,NA,95,1,-1,0
524,25,0.5,D,0,NA,1,NA,NA,NA,5/23/22,84,1,-2,0
525,25,0.5,D,0,NA,NA,NA,NA,5/23/22,NA,NA,NA,NA,0
526,25,0.5,D,1,NA,NA,NA,NA,4/20/22,NA,75,NA,NA,1
527,25,0.5,D,1,NA,NA,NA,NA,4/22/22,NA,NA,NA,NA,1
528,25,0.5,D,1,NA,NA,NA,NA,4/18/22,NA,75,NA,NA,1
529,25,0.5,D,1,NA,NA,NA,NA,4/24/22,NA,86,NA,NA,1
530,25,0.5,D,1,NA,NA,NA,NA,4/20/22,NA,87,NA,NA,1
531,25,0.5,D,1,NA,NA,NA,NA,4/22/22,NA,84,NA,NA,1
532,25,0.5,D,1,NA,NA,NA,NA,4/20/22,NA,87,NA,NA,1
533,25,0.5,D,1,NA,NA,NA,NA,4/22/22,NA,NA,NA,NA,1
534,25,0.5,D,1,NA,NA,NA,NA,4/21/22,NA,90,NA,NA,1
535,25,0.5,D,1,NA,NA,NA,NA,4/20/22,NA,75,NA,NA,1
536,25,0.5,D,1,NA,NA,NA,NA,4/19/22,NA,84,NA,NA,1
537,25,0.5,D,1,NA,NA,NA,NA,4/22/22,NA,93,NA,NA,1
538,25,0.5,D,1,NA,NA,NA,NA,4/17/22,NA,81,NA,NA,1
539,25,0.5,D,1,1,1,NA,NA,NA,4/16/22,61,NA,NA,1
540,25,0.5,D,1,NA,NA,NA,NA,4/17/22,NA,82,NA,NA,1
541,25,0.5,D,1,NA,NA,NA,NA,4/16/22,NA,77,NA,NA,NA
542,25,0.5,D,1,NA,NA,NA,NA,4/21/22,NA,85,NA,NA,1
543,25,0.5,D,1,NA,NA,NA,NA,4/18/22,NA,84,NA,NA,1
544,25,0.5,D,1,NA,NA,NA,NA,4/23/22,NA,87,NA,NA,1
545,25,0.5,D,1,NA,NA,NA,NA,4/10/22,NA,70,NA,NA,NA
546,25,0.5,D,1,NA,NA,NA,NA,4/20/22,NA,85,NA,NA,1
547,25,0.5,D,1,NA,NA,NA,NA,4/20/22,NA,80,NA,NA,1
548,25,0.5,D,1,NA,NA,NA,NA,4/21/22,NA,NA,NA,NA,1
549,25,0.5,D,1,NA,NA,NA,NA,4/22/22,NA,86,NA,NA,1
550,25,0.5,D,1,NA,NA,NA,NA,4/19/22,NA,74,NA,NA,1
551,25,0.5,D,1,NA,NA,NA,NA,4/19/22,NA,69,NA,NA,1
552,25,0.5,D,1,NA,NA,NA,NA,4/20/22,NA,76,NA,NA,1
553,25,0.5,D,1,NA,NA,NA,NA,4/17/22,NA,72,NA,NA,1
554,25,0.5,D,1,1,1,NA,NA,NA,4/16/22,61,NA,NA,1
555,25,0.5,D,1,1,1,NA,NA,NA,4/16/22,62,NA,NA,1
556,25,1,D,0,NA,1,NA,NA,NA,5/23/22,87,1,-2,0
557,25,1,D,0,NA,NA,NA,NA,5/22/22,NA,87,1,-2,0
558,25,1,D,0,NA,NA,NA,NA,5/21/22,NA,NA,NA,NA,0
559,25,1,D,0,NA,NA,NA,NA,5/13/22,NA,90,1,-2,0
560,25,1,D,0,NA,NA,NA,NA,5/21/22,NA,NA,NA,NA,0
561,25,1,D,0,NA,NA,NA,NA,5/22/22,NA,89,1,-2,0
562,25,1,D,0,NA,NA,NA,NA,5/19/22,NA,NA,NA,NA,0
563,25,1,D,0,NA,NA,NA,NA,4/16/22,NA,89,NA,NA,NA
564,25,1,D,0,NA,NA,NA,NA,5/23/22,NA,NA,NA,NA,0
565,25,1,D,0,NA,NA,NA,NA,5/11/22,NA,95,1,-1,0
566,25,1,D,0,NA,NA,NA,NA,5/21/22,NA,86,1,-2,0
567,25,1,D,0,NA,1,NA,NA,NA,5/23/22,89,1,-2,0
568,25,1,D,0,NA,NA,NA,NA,5/22/22,NA,82,1,-2,0
569,25,1,D,0,NA,NA,NA,1,NA,4/11/22,NA,NA,NA,NA
570,25,1,D,0,NA,NA,NA,NA,5/23/22,NA,NA,NA,NA,0
571,25,1,D,1,NA,NA,NA,NA,4/19/22,NA,95,NA,NA,1
572,25,1,D,1,NA,NA,NA,NA,4/21/22,NA,87,NA,NA,1
573,25,1,D,1,NA,NA,NA,NA,4/14/22,NA,76,NA,NA,NA
574,25,1,D,1,NA,NA,NA,NA,4/17/22,NA,83,NA,NA,1
575,25,1,D,1,NA,NA,NA,NA,4/20/22,NA,78,NA,NA,1
576,25,1,D,1,NA,NA,NA,NA,4/26/22,NA,98,NA,NA,1
577,25,1,D,1,NA,NA,NA,NA,4/20/22,NA,85,NA,NA,1
578,25,1,D,1,NA,NA,NA,NA,4/19/22,NA,95,NA,NA,1
579,25,1,D,1,NA,NA,NA,NA,4/17/22,NA,85,NA,NA,1
580,25,1,D,1,NA,NA,NA,NA,4/19/22,NA,90,NA,NA,1
581,25,1,D,1,NA,NA,NA,NA,4/23/22,NA,88,NA,NA,1
582,25,1,D,1,NA,NA,NA,NA,4/17/22,NA,84,NA,NA,1
583,25,1,D,1,NA,NA,NA,NA,4/21/22,NA,90,NA,NA,1
584,25,1,D,1,NA,NA,NA,NA,4/20/22,NA,95,NA,NA,1
585,25,1,D,1,NA,NA,NA,NA,4/20/22,NA,85,NA,NA,1
586,25,1,D,1,NA,NA,NA,NA,4/20/22,NA,95,NA,NA,1
587,25,1,D,1,NA,NA,NA,NA,4/23/22,NA,82,NA,NA,1
588,25,1,D,1,NA,NA,NA,NA,4/22/22,NA,83,NA,NA,1
589,25,1,D,1,NA,NA,NA,NA,4/20/22,NA,82,NA,NA,1
590,25,1,D,1,NA,NA,NA,NA,4/22/22,NA,83,NA,NA,1
591,25,1,D,1,NA,NA,NA,NA,4/22/22,NA,NA,NA,NA,1
592,25,1,D,1,NA,NA,NA,NA,4/17/22,NA,90,NA,NA,1
593,25,1,D,1,NA,NA,NA,NA,4/21/22,NA,89,NA,NA,1
594,25,1,D,1,NA,1,NA,NA,NA,5/18/22,87,1,-2,0
595,25,1,D,1,NA,NA,NA,NA,4/20/22,NA,90,NA,NA,1
596,25,1,D,1,NA,NA,NA,NA,4/19/22,NA,82,NA,NA,1
597,25,1,D,1,NA,NA,NA,NA,4/12/22,NA,65,NA,NA,NA
598,25,1,D,1,NA,NA,NA,NA,4/20/22,NA,80,NA,NA,1
599,25,1,D,1,NA,NA,NA,NA,4/17/22,NA,85,NA,NA,1
600,25,1,D,1,NA,NA,NA,NA,4/20/22,NA,87,NA,NA,1
