tube,temp,resource,species,male,REMOVED,KBP,4/10/22,4/11/22,4/12/22,4/13/22,4/14/22,4/15/22,4/16/22,4/17/22,4/18/22,4/19/22,4/20/22,4/21/22,4/22/22,4/23/22,4/24/22,4/25/22,4/26/22,4/27/22,4/28/22,4/29/22,4/30/22,5/1/22,5/2/22,5/3/22,5/4/22,5/5/22,5/6/22,5/7/22,5/8/22,5/9/22,5/10/22,5/11/22,5/12/22,5/13/22,5/14/22,5/15/22,5/16/22,5/17/22,5/18/22,5/19/22,5/20/22,5/21/22,5/22/22,5/23/22,5/24/22
1,2V,1,D,,,,0,0,0,0,0,0,6,0,0,10,NA,NA,NA,NA,NA,NA,NA,NA,NA,NA,NA,NA,NA,NA,NA,NA,NA,NA,NA,NA,NA,NA,NA,NA,NA,NA,NA,NA,NA,NA,NA,NA,NA,NA,NA
2,2V,1,D,,,,0,0,0,2,0,0,7,0,11,0,0,NA,NA,NA,NA,NA,NA,NA,NA,NA,NA,NA,NA,NA,NA,NA,NA,NA,NA,NA,NA,NA,NA,NA,NA,NA,NA,NA,NA,NA,NA,NA,NA,NA,NA
3,2V,1,D,,,,0,0,0,0,2,0,0,3,0,7,0,0,5,0,NA,NA,NA,NA,NA,NA,NA,NA,NA,NA,NA,NA,NA,NA,NA,NA,NA,NA,NA,NA,NA,NA,NA,NA,NA,NA,NA,NA,NA,NA,NA
4,2V,1,D,,1,,0,0,0,2,0,0,8,0,10,0,0,11,0,0,10,0,0,15,0,0,15,0,0,10,0,18,0,0,18,0,0,20,0,0,17,0,15,0,0,NA,NA,NA,NA,NA,NA
5,2V,1,D,,,,0,0,0,0,0,0,4,0,0,7,0,1,9,0,0,0,0,NA,NA,NA,NA,NA,NA,NA,NA,NA,NA,NA,NA,NA,NA,NA,NA,NA,NA,NA,NA,NA,NA,NA,NA,NA,NA,NA,NA
6,2V,1,D,,,,0,0,0,1,0,0,8,0,0,8,0,0,9,NA,NA,NA,NA,NA,NA,NA,NA,NA,NA,NA,NA,NA,NA,NA,NA,NA,NA,NA,NA,NA,NA,NA,NA,NA,NA,NA,NA,NA,NA,NA,NA
7,2V,1,D,,,,0,0,0,3,0,0,9,0,0,10,0,NA,NA,NA,NA,NA,NA,NA,NA,NA,NA,NA,NA,NA,NA,NA,NA,NA,NA,NA,NA,NA,NA,NA,NA,NA,NA,NA,NA,NA,NA,NA,NA,NA,NA
8,2V,1,D,,,,0,0,0,0,2,0,0,4,0,9,0,NA,NA,NA,NA,NA,NA,NA,NA,NA,NA,NA,NA,NA,NA,NA,NA,NA,NA,NA,NA,NA,NA,NA,NA,NA,NA,NA,NA,NA,NA,NA,NA,NA,NA
9,2V,1,D,,,,0,NA,NA,NA,NA,NA,NA,NA,NA,NA,NA,NA,NA,NA,NA,NA,NA,NA,NA,NA,NA,NA,NA,NA,NA,NA,NA,NA,NA,NA,NA,NA,NA,NA,NA,NA,NA,NA,NA,NA,NA,NA,NA,NA,NA
10,2V,1,D,,,,0,0,0,0,6,0,9,0,0,11,0,0,9,0,9,0,0,13,0,0,NA,NA,NA,NA,NA,NA,NA,NA,NA,NA,NA,NA,NA,NA,NA,NA,NA,NA,NA,NA,NA,NA,NA,NA,NA
11,2V,1,D,,,,0,0,0,0,2,0,5,0,0,10,0,0,3,NA,NA,NA,NA,NA,NA,NA,NA,NA,NA,NA,NA,NA,NA,NA,NA,NA,NA,NA,NA,NA,NA,NA,NA,NA,NA,NA,NA,NA,NA,NA,NA
12,2V,1,D,,,,0,0,0,0,2,0,0,3,0,10,0,0,9,NA,NA,NA,NA,NA,NA,NA,NA,NA,NA,NA,NA,NA,NA,NA,NA,NA,NA,NA,NA,NA,NA,NA,NA,NA,NA,NA,NA,NA,NA,NA,NA
13,2V,1,D,,,,0,0,0,0,0,0,0,0,0,0,0,NA,NA,NA,NA,NA,NA,NA,NA,NA,NA,NA,NA,NA,NA,NA,NA,NA,NA,NA,NA,NA,NA,NA,NA,NA,NA,NA,NA,NA,NA,NA,NA,NA,NA
14,2V,1,D,,,,0,0,0,0,0,0,6,0,0,7,0,0,10,0,0,6,0,0,0,0,NA,NA,NA,NA,NA,NA,NA,NA,NA,NA,NA,NA,NA,NA,NA,NA,NA,NA,NA,NA,NA,NA,NA,NA,NA
15,2V,1,D,,,,0,0,0,3,0,0,7,0,0,7,0,0,0,0,NA,NA,NA,NA,NA,NA,NA,NA,NA,NA,NA,NA,NA,NA,NA,NA,NA,NA,NA,NA,NA,NA,NA,NA,NA,NA,NA,NA,NA,NA,NA
16,2V,1,D,,,,0,0,0,0,2,0,6,0,0,7,0,NA,NA,NA,NA,NA,NA,NA,NA,NA,NA,NA,NA,NA,NA,NA,NA,NA,NA,NA,NA,NA,NA,NA,NA,NA,NA,NA,NA,NA,NA,NA,NA,NA,NA
17,2V,1,D,,1,,0,0,0,0,0,0,8,0,0,11,0,0,9,0,0,8,0,12,0,0,13,0,0,0,0,14,0,0,11,0,0,20,0,0,4,0,4,9,0,NA,NA,NA,NA,NA,NA
18,2V,1,D,,,,0,0,0,0,2,0,5,0,0,9,0,0,0,0,NA,NA,NA,NA,NA,NA,NA,NA,NA,NA,NA,NA,NA,NA,NA,NA,NA,NA,NA,NA,NA,NA,NA,NA,NA,NA,NA,NA,NA,NA,NA
19,2V,1,D,,,,0,NA,NA,NA,NA,NA,NA,NA,NA,NA,NA,NA,NA,NA,NA,NA,NA,NA,NA,NA,NA,NA,NA,NA,NA,NA,NA,NA,NA,NA,NA,NA,NA,NA,NA,NA,NA,NA,NA,NA,NA,NA,NA,NA,NA
20,2V,1,D,,,,0,0,0,0,1,0,10,0,0,11,0,0,2,0,0,0,NA,NA,NA,NA,NA,NA,NA,NA,NA,NA,NA,NA,NA,NA,NA,NA,NA,NA,NA,NA,NA,NA,NA,NA,NA,NA,NA,NA,NA
21,2V,1,D,,,,0,0,0,0,0,0,5,0,0,1,0,0,0,NA,NA,NA,NA,NA,NA,NA,NA,NA,NA,NA,NA,NA,NA,NA,NA,NA,NA,NA,NA,NA,NA,NA,NA,NA,NA,NA,NA,NA,NA,NA,NA
22,2V,1,D,,,,0,0,0,0,3,0,6,0,0,7,0,0,7,0,NA,NA,NA,NA,NA,NA,NA,NA,NA,NA,NA,NA,NA,NA,NA,NA,NA,NA,NA,NA,NA,NA,NA,NA,NA,NA,NA,NA,NA,NA,NA
23,2V,1,D,,,,0,0,0,0,0,0,7,0,0,8,0,0,0,NA,NA,NA,NA,NA,NA,NA,NA,NA,NA,NA,NA,NA,NA,NA,NA,NA,NA,NA,NA,NA,NA,NA,NA,NA,NA,NA,NA,NA,NA,NA,NA
24,2V,1,D,,,,0,0,0,0,5,0,8,0,0,10,0,0,9,0,11,0,0,6,0,0,17,0,0,15,NA,NA,NA,NA,NA,NA,NA,NA,NA,NA,NA,NA,NA,NA,NA,NA,NA,NA,NA,NA,NA
25,2V,1,D,,,,0,0,0,0,0,0,8,0,0,11,0,0,7,0,0,0,NA,NA,NA,NA,NA,NA,NA,NA,NA,NA,NA,NA,NA,NA,NA,NA,NA,NA,NA,NA,NA,NA,NA,NA,NA,NA,NA,NA,NA
26,2V,1,D,,,,0,0,0,0,0,4,0,0,7,0,0,10,1,NA,NA,NA,NA,NA,NA,NA,NA,NA,NA,NA,NA,NA,NA,NA,NA,NA,NA,NA,NA,NA,NA,NA,NA,NA,NA,NA,NA,NA,NA,NA,NA
27,2V,1,D,,1,,0,0,0,3,0,0,10,0,0,12,0,0,9,0,6,0,0,8,0,0,18,0,0,15,0,14,0,0,14,0,0,15,1,0,6,0,14,0,0,NA,NA,NA,NA,NA,NA
28,2V,1,D,,,,0,0,0,0,6,0,0,2,0,5,0,NA,NA,NA,NA,NA,NA,NA,NA,NA,NA,NA,NA,NA,NA,NA,NA,NA,NA,NA,NA,NA,NA,NA,NA,NA,NA,NA,NA,NA,NA,NA,NA,NA,NA
29,2V,1,D,,,,0,0,0,0,0,0,8,0,0,9,0,0,3,0,NA,NA,NA,NA,NA,NA,NA,NA,NA,NA,NA,NA,NA,NA,NA,NA,NA,NA,NA,NA,NA,NA,NA,NA,NA,NA,NA,NA,NA,NA,NA
30,2V,1,D,,,,0,0,0,4,0,0,6,0,0,10,0,NA,NA,NA,NA,NA,NA,NA,NA,NA,NA,NA,NA,NA,NA,NA,NA,NA,NA,NA,NA,NA,NA,NA,NA,NA,NA,NA,NA,NA,NA,NA,NA,NA,NA
31,2V,1,D,,,,0,0,NA,NA,NA,NA,NA,NA,NA,NA,NA,NA,NA,NA,NA,NA,NA,NA,NA,NA,NA,NA,NA,NA,NA,NA,NA,NA,NA,NA,NA,NA,NA,NA,NA,NA,NA,NA,NA,NA,NA,NA,NA,NA,NA
32,2V,1,D,,,,0,0,0,4,0,0,0,0,0,5,0,0,8,0,0,0,NA,NA,NA,NA,NA,NA,NA,NA,NA,NA,NA,NA,NA,NA,NA,NA,NA,NA,NA,NA,NA,NA,NA,NA,NA,NA,NA,NA,NA
33,2V,1,D,,,,0,0,0,2,0,0,7,0,0,12,0,0,10,0,0,NA,NA,NA,NA,NA,NA,NA,NA,NA,NA,NA,NA,NA,NA,NA,NA,NA,NA,NA,NA,NA,NA,NA,NA,NA,NA,NA,NA,NA,NA
34,2V,1,D,,,,0,0,NA,NA,NA,NA,NA,NA,NA,NA,NA,NA,NA,NA,NA,NA,NA,NA,NA,NA,NA,NA,NA,NA,NA,NA,NA,NA,NA,NA,NA,NA,NA,NA,NA,NA,NA,NA,NA,NA,NA,NA,NA,NA,NA
35,2V,1,D,,,,0,0,0,2,0,0,0,0,0,5,0,2,8,0,0,0,NA,NA,NA,NA,NA,NA,NA,NA,NA,NA,NA,NA,NA,NA,NA,NA,NA,NA,NA,NA,NA,NA,NA,NA,NA,NA,NA,NA,NA
36,2V,1,D,,,,0,0,0,0,4,0,9,0,0,10,0,0,10,0,0,8,0,8,1,0,12,0,0,13,0,14,0,0,12,0,0,16,0,0,17,0,0,15,0,0,14,0,0,0,NA
37,2V,1,D,,1,,0,0,0,1,6,0,12,0,0,2,0,0,9,0,0,10,0,11,0,0,16,0,0,14,0,0,12,0,14,0,1,16,0,1,18,0,0,16,0,0,15,0,0,0,NA
38,2V,1,D,,1,,0,0,0,6,0,0,11,0,13,0,0,4,0,0,11,1,14,0,0,4,0,0,16,0,0,17,0,16,0,0,15,0,0,19,0,0,15,0,0,13,0,0,4,0,NA
39,2V,1,D,1,,,0,0,0,0,0,0,0,0,0,0,0,0,0,0,0,0,0,0,0,0,0,NA,NA,NA,NA,NA,NA,NA,NA,NA,NA,NA,NA,NA,NA,NA,NA,NA,NA,NA,NA,NA,NA,NA,NA
40,2V,1,D,,,,0,0,0,0,1,0,0,5,0,10,0,0,12,0,0,9,0,11,0,0,9,0,0,12,0,13,0,0,14,0,0,12,0,0,15,0,0,15,0,0,11,0,NA,NA,NA
41,2V,1,D,,1,,0,0,0,0,3,0,0,0,0,2,10,0,12,0,0,0,0,0,12,0,0,17,0,14,0,0,14,0,0,2,0,1,13,0,0,16,0,0,16,0,0,13,0,0,NA
42,2V,1,D,,,,0,0,0,3,0,0,8,0,0,10,0,10,0,0,9,0,0,15,0,19,0,0,18,0,0,20,0,0,2,0,0,15,0,17,0,0,17,0,0,16,0,0,15,NA,NA
43,2V,1,D,,,,0,0,0,5,0,0,10,0,0,15,0,9,0,0,9,0,0,11,0,0,13,0,16,0,0,14,0,0,11,0,0,11,0,0,11,0,0,12,0,0,7,0,NA,NA,NA
44,2V,1,D,,,,0,0,0,0,5,0,11,0,0,12,0,0,6,0,8,0,0,7,0,0,17,0,0,17,0,15,0,0,0,NA,NA,NA,NA,NA,NA,NA,NA,NA,NA,NA,NA,NA,NA,NA,NA
45,2V,1,D,,,,0,0,0,2,0,0,9,1,0,12,0,9,0,0,8,0,0,11,0,0,17,0,0,18,0,14,0,0,16,0,0,15,0,0,9,0,0,16,0,0,12,NA,NA,NA,NA
46,2V,1,D,,,,0,0,0,0,3,0,4,1,0,11,0,0,10,0,0,12,0,13,0,0,12,0,0,12,0,0,17,0,6,0,0,1,0,0,17,0,0,13,0,0,12,0,NA,NA,NA
47,2V,1,D,,1,,0,0,0,3,0,0,6,0,0,10,0,0,9,0,10,1,0,11,0,0,12,0,16,0,0,15,0,0,18,0,0,19,0,11,0,0,10,0,0,10,0,0,9,0,NA
48,2V,1,D,,1,,0,0,0,0,3,0,4,0,0,12,0,0,13,0,13,0,0,12,0,0,12,0,0,13,0,15,0,0,11,0,0,16,0,0,16,0,0,12,0,0,13,0,1,0,NA
49,2V,1,D,,1,,0,0,0,4,2,0,11,0,0,12,0,13,0,0,14,0,0,14,0,0,15,0,19,0,0,18,0,0,16,0,1,15,0,17,0,0,17,0,0,15,0,0,16,0,NA
50,2V,1,D,1,,,0,0,0,0,0,0,0,0,0,0,0,0,0,0,0,0,0,0,0,0,0,0,NA,NA,NA,NA,NA,NA,NA,NA,NA,NA,NA,NA,NA,NA,NA,NA,NA,NA,NA,NA,NA,NA,NA
51,6V,1,D,,,,0,0,0,0,6,0,0,10,0,0,9,0,0,NA,NA,NA,NA,NA,NA,NA,NA,NA,NA,NA,NA,NA,NA,NA,NA,NA,NA,NA,NA,NA,NA,NA,NA,NA,NA,NA,NA,NA,NA,NA,NA
52,6V,1,D,,,,0,0,0,0,0,6,0,0,4,0,0,4,0,0,3,0,0,11,0,0,14,0,0,22,0,0,0,0,0,13,0,0,12,0,NA,NA,NA,NA,NA,NA,NA,NA,NA,NA,NA
53,6V,1,D,,,,0,0,0,0,0,0,0,8,0,0,10,0,0,0,0,0,0,0,0,0,0,NA,NA,NA,NA,NA,NA,NA,NA,NA,NA,NA,NA,NA,NA,NA,NA,NA,NA,NA,NA,NA,NA,NA,NA
54,6V,1,D,,1,,0,0,0,0,4,0,0,6,0,0,9,0,0,9,0,0,0,0,0,11,0,0,9,0,0,0,0,0,0,2,0,0,16,0,0,15,0,0,0,NA,NA,NA,NA,NA,NA
55,6V,1,D,,,,0,0,0,0,4,0,0,6,0,0,8,0,0,0,0,0,0,0,0,0,0,NA,NA,NA,NA,NA,NA,NA,NA,NA,NA,NA,NA,NA,NA,NA,NA,NA,NA,NA,NA,NA,NA,NA,NA
56,6V,1,D,,,,0,0,0,0,3,0,0,6,0,0,7,0,0,0,0,0,0,0,0,0,0,NA,NA,NA,NA,NA,NA,NA,NA,NA,NA,NA,NA,NA,NA,NA,NA,NA,NA,NA,NA,NA,NA,NA,NA
57,6V,1,D,,,,0,0,0,0,0,0,0,0,0,0,0,0,0,0,0,0,0,0,0,0,NA,NA,NA,NA,NA,NA,NA,NA,NA,NA,NA,NA,NA,NA,NA,NA,NA,NA,NA,NA,NA,NA,NA,NA,NA
58,6V,1,D,,,,0,0,0,0,0,0,8,1,0,0,0,0,0,10,0,0,0,NA,NA,NA,NA,NA,NA,NA,NA,NA,NA,NA,NA,NA,NA,NA,NA,NA,NA,NA,NA,NA,NA,NA,NA,NA,NA,NA,NA
59,6V,1,D,,,,0,0,0,0,2,0,0,6,0,0,9,0,0,10,0,0,0,0,0,0,0,NA,NA,NA,NA,NA,NA,NA,NA,NA,NA,NA,NA,NA,NA,NA,NA,NA,NA,NA,NA,NA,NA,NA,NA
60,6V,1,D,,,,0,0,0,0,0,0,3,5,0,0,13,0,0,0,0,0,0,0,0,0,NA,NA,NA,NA,NA,NA,NA,NA,NA,NA,NA,NA,NA,NA,NA,NA,NA,NA,NA,NA,NA,NA,NA,NA,NA
61,6V,1,D,,,,0,0,0,0,4,0,0,6,0,0,8,0,0,NA,NA,NA,NA,NA,NA,NA,NA,NA,NA,NA,NA,NA,NA,NA,NA,NA,NA,NA,NA,NA,NA,NA,NA,NA,NA,NA,NA,NA,NA,NA,NA
62,6V,1,D,,,,0,0,0,0,5,0,0,9,0,0,11,0,0,0,0,0,0,0,0,0,0,0,0,0,NA,NA,NA,NA,NA,NA,NA,NA,NA,NA,NA,NA,NA,NA,NA,NA,NA,NA,NA,NA,NA
63,6V,1,D,,,,0,0,0,0,0,0,0,3,0,10,10,0,0,0,0,0,NA,NA,NA,NA,NA,NA,NA,NA,NA,NA,NA,NA,NA,NA,NA,NA,NA,NA,NA,NA,NA,NA,NA,NA,NA,NA,NA,NA,NA
64,6V,1,D,,,,0,0,0,3,0,0,6,0,0,0,0,0,0,9,0,0,1,0,NA,NA,NA,NA,NA,NA,NA,NA,NA,NA,NA,NA,NA,NA,NA,NA,NA,NA,NA,NA,NA,NA,NA,NA,NA,NA,NA
65,6V,1,D,,,,0,0,0,0,0,0,0,5,0,0,5,0,0,0,4,0,0,0,0,0,NA,NA,NA,NA,NA,NA,NA,NA,NA,NA,NA,NA,NA,NA,NA,NA,NA,NA,NA,NA,NA,NA,NA,NA,NA
66,6V,1,D,,,,0,0,NA,NA,NA,NA,NA,NA,NA,NA,NA,NA,NA,NA,NA,NA,NA,NA,NA,NA,NA,NA,NA,NA,NA,NA,NA,NA,NA,NA,NA,NA,NA,NA,NA,NA,NA,NA,NA,NA,NA,NA,NA,NA,NA
67,6V,1,D,,,,0,0,0,0,0,0,10,0,0,1,0,0,0,9,0,0,0,NA,NA,NA,NA,NA,NA,NA,NA,NA,NA,NA,NA,NA,NA,NA,NA,NA,NA,NA,NA,NA,NA,NA,NA,NA,NA,NA,NA
68,6V,1,D,,,,0,0,0,0,0,5,0,8,0,0,4,4,0,0,0,NA,NA,NA,NA,NA,NA,NA,NA,NA,NA,NA,NA,NA,NA,NA,NA,NA,NA,NA,NA,NA,NA,NA,NA,NA,NA,NA,NA,NA,NA
69,6V,1,D,,,,0,0,0,0,0,0,0,9,0,0,6,0,0,0,0,0,0,0,0,0,0,NA,NA,NA,NA,NA,NA,NA,NA,NA,NA,NA,NA,NA,NA,NA,NA,NA,NA,NA,NA,NA,NA,NA,NA
70,6V,1,D,,,,0,0,0,0,6,0,0,8,0,0,10,0,0,7,0,0,10,0,0,10,0,0,15,0,0,15,0,0,15,0,0,NA,NA,NA,NA,NA,NA,NA,NA,NA,NA,NA,NA,NA,NA
71,6V,1,D,,,,0,0,0,3,0,0,7,0,0,2,0,0,0,10,0,0,0,0,0,2,NA,NA,NA,NA,NA,NA,NA,NA,NA,NA,NA,NA,NA,NA,NA,NA,NA,NA,NA,NA,NA,NA,NA,NA,NA
72,6V,1,D,,,,0,0,0,3,0,0,7,0,0,0,0,0,0,4,0,0,2,0,0,NA,NA,NA,NA,NA,NA,NA,NA,NA,NA,NA,NA,NA,NA,NA,NA,NA,NA,NA,NA,NA,NA,NA,NA,NA,NA
73,6V,1,D,,,,0,0,0,5,0,0,0,0,0,11,0,0,0,7,0,0,NA,NA,NA,NA,NA,NA,NA,NA,NA,NA,NA,NA,NA,NA,NA,NA,NA,NA,NA,NA,NA,NA,NA,NA,NA,NA,NA,NA,NA
74,6V,1,D,,1,,0,0,0,0,0,0,5,0,0,7,0,0,9,1,0,8,0,0,7,0,0,9,0,0,13,0,0,13,0,0,10,0,0,0,0,0,0,10,0,NA,NA,NA,NA,NA,NA
75,6V,1,D,,,,0,0,0,4,0,0,5,0,0,10,0,0,10,0,0,0,7,0,0,0,0,0,NA,NA,NA,NA,NA,NA,NA,NA,NA,NA,NA,NA,NA,NA,NA,NA,NA,NA,NA,NA,NA,NA,NA
76,6V,1,D,,,,0,0,0,0,1,0,0,10,0,0,10,0,0,5,0,0,0,0,0,NA,NA,NA,NA,NA,NA,NA,NA,NA,NA,NA,NA,NA,NA,NA,NA,NA,NA,NA,NA,NA,NA,NA,NA,NA,NA
77,6V,1,D,,,,0,0,0,0,0,0,0,1,0,0,0,0,0,0,0,NA,NA,NA,NA,NA,NA,NA,NA,NA,NA,NA,NA,NA,NA,NA,NA,NA,NA,NA,NA,NA,NA,NA,NA,NA,NA,NA,NA,NA,NA
78,6V,1,D,,,,0,0,0,0,5,0,0,9,0,0,3,0,0,0,2,0,0,0,0,0,0,0,0,0,0,NA,NA,NA,NA,NA,NA,NA,NA,NA,NA,NA,NA,NA,NA,NA,NA,NA,NA,NA,NA
79,6V,1,D,,1,,0,0,0,0,0,0,0,3,0,0,6,0,0,10,0,0,6,0,0,5,0,0,0,0,0,0,11,0,0,11,0,0,14,0,0,10,0,0,0,NA,NA,NA,NA,NA,NA
80,6V,1,D,1,,,0,0,0,0,0,0,0,0,0,0,0,0,0,0,0,0,0,0,0,0,0,NA,NA,NA,NA,NA,NA,NA,NA,NA,NA,NA,NA,NA,NA,NA,NA,NA,NA,NA,NA,NA,NA,NA,NA
81,6V,1,D,,,,0,0,0,0,6,0,0,6,0,0,10,0,NA,NA,NA,NA,NA,NA,NA,NA,NA,NA,NA,NA,NA,NA,NA,NA,NA,NA,NA,NA,NA,NA,NA,NA,NA,NA,NA,NA,NA,NA,NA,NA,NA
82,6V,1,D,,1,,0,0,0,0,4,0,0,8,0,0,7,0,0,8,0,0,10,0,0,11,0,0,0,4,0,0,16,0,0,15,0,0,14,0,0,14,0,0,0,NA,NA,NA,NA,NA,NA
83,6V,1,D,,,,0,0,0,0,0,0,0,8,0,0,9,0,0,2,0,0,NA,NA,NA,NA,NA,NA,NA,NA,NA,NA,NA,NA,NA,NA,NA,NA,NA,NA,NA,NA,NA,NA,NA,NA,NA,NA,NA,NA,NA
84,6V,1,D,,,,0,0,0,0,2,0,0,10,0,0,10,0,0,0,5,0,NA,NA,NA,NA,NA,NA,NA,NA,NA,NA,NA,NA,NA,NA,NA,NA,NA,NA,NA,NA,NA,NA,NA,NA,NA,NA,NA,NA,NA
85,6V,1,D,,,,0,0,0,0,3,0,0,0,0,0,0,0,0,9,0,0,0,0,0,NA,NA,NA,NA,NA,NA,NA,NA,NA,NA,NA,NA,NA,NA,NA,NA,NA,NA,NA,NA,NA,NA,NA,NA,NA,NA
86,6V,1,D,,1,,0,0,0,6,0,0,9,0,0,11,0,0,0,10,0,0,12,0,0,10,0,0,12,0,0,0,6,0,0,16,0,0,20,0,0,13,0,0,0,NA,NA,NA,NA,NA,NA
87,6V,1,D,,,,0,0,0,0,4,0,0,13,0,0,11,0,0,11,0,0,0,12,0,0,0,0,0,10,0,0,10,0,0,14,0,0,0,15,0,0,15,0,0,14,0,0,0,0,NA
88,6V,1,D,,,,0,0,0,0,4,0,0,7,0,0,11,0,0,9,0,0,9,0,0,0,7,0,0,13,0,0,13,0,0,15,0,0,16,0,0,0,14,0,0,14,0,0,17,0,NA
89,6V,1,D,,1,,0,0,0,0,0,2,0,0,6,0,0,0,0,0,9,0,0,11,0,0,0,16,0,0,15,0,0,14,0,0,13,0,1,19,0,0,0,11,0,0,15,0,0,0,NA
90,6V,1,D,,,,0,0,0,0,6,0,0,7,0,0,12,0,0,12,0,0,13,2,0,13,0,0,3,13,0,0,12,0,0,14,0,0,19,0,0,18,0,0,0,17,0,0,13,NA,NA
91,6V,1,D,,1,,0,0,0,0,4,0,0,9,0,0,12,0,0,12,0,0,11,0,0,0,18,0,0,19,0,0,18,0,0,22,0,0,23,0,0,0,20,0,0,22,0,0,20,0,NA
92,6V,1,D,,1,,0,0,0,0,5,0,0,10,0,0,13,0,0,12,0,0,10,0,0,0,14,0,0,0,0,0,19,0,0,18,0,0,16,0,0,16,0,0,12,0,0,0,18,0,NA
93,6V,1,D,,,,0,0,0,0,5,0,0,15,0,0,14,0,0,11,0,0,0,12,0,0,17,0,0,17,0,0,18,0,0,16,0,0,18,0,0,19,0,0,17,1,0,0,17,0,NA
94,6V,1,D,,,,0,0,0,0,5,0,0,11,0,0,8,0,0,11,0,0,11,0,0,10,0,0,1,7,0,0,16,0,0,16,0,0,14,0,0,0,12,0,0,10,0,NA,NA,NA,NA
95,6V,1,D,,1,,0,0,0,0,4,0,0,10,0,0,14,0,0,9,0,0,10,0,0,9,0,0,13,0,0,13,0,0,0,13,0,0,17,0,0,11,0,0,15,0,0,0,14,0,NA
96,6V,1,D,1,1,,0,0,0,0,0,0,0,0,0,0,0,0,0,0,0,0,0,0,0,0,0,NA,NA,NA,NA,NA,NA,NA,NA,NA,NA,NA,NA,NA,NA,NA,NA,NA,NA,NA,NA,NA,NA,NA,NA
97,6V,1,D,,1,,0,0,0,0,4,0,0,10,0,0,5,0,0,0,14,0,0,12,0,0,13,0,0,9,0,0,7,0,0,1,4,0,0,17,0,0,19,0,0,0,0,0,0,0,NA
98,6V,1,D,,,,0,0,0,0,5,0,0,9,0,0,12,0,0,7,0,0,9,0,0,9,2,0,0,16,0,0,15,0,0,17,0,0,19,0,0,15,0,0,0,16,0,0,6,NA,NA
99,6V,1,D,,,,0,0,0,0,0,6,0,9,0,0,0,0,0,0,12,0,0,13,0,0,15,0,0,14,0,0,0,20,0,0,20,0,0,17,0,0,20,0,0,0,18,0,0,NA,NA
100,6V,1,D,,1,,0,0,0,0,4,0,0,11,0,0,14,0,0,0,5,0,0,9,0,0,13,0,0,16,0,0,14,0,0,14,0,0,0,15,0,0,16,0,0,14,0,0,0,0,NA
101,14V,1,D,,,,0,0,0,0,0,0,3,1,0,10,0,0,10,1,0,0,0,0,0,0,0,0,NA,NA,NA,NA,NA,NA,NA,NA,NA,NA,NA,NA,NA,NA,NA,NA,NA,NA,NA,NA,NA,NA,NA
102,14V,1,D,,,,0,0,0,4,0,0,7,0,0,13,0,0,11,0,0,2,0,0,0,0,0,NA,NA,NA,NA,NA,NA,NA,NA,NA,NA,NA,NA,NA,NA,NA,NA,NA,NA,NA,NA,NA,NA,NA,NA
103,14V,1,D,,,,0,0,0,4,0,0,8,0,0,0,0,0,6,0,0,0,0,0,NA,NA,NA,NA,NA,NA,NA,NA,NA,NA,NA,NA,NA,NA,NA,NA,NA,NA,NA,NA,NA,NA,NA,NA,NA,NA,NA
104,14V,1,D,,,,NA,NA,NA,NA,NA,NA,NA,NA,NA,NA,NA,NA,NA,NA,NA,NA,NA,NA,NA,NA,NA,NA,NA,NA,NA,NA,NA,NA,NA,NA,NA,NA,NA,NA,NA,NA,NA,NA,NA,NA,NA,NA,NA,NA,NA
105,14V,1,D,,1,,0,0,0,4,0,0,7,0,11,0,0,4,0,0,5,0,0,11,0,0,11,0,11,0,0,6,0,0,0,0,0,0,0,0,10,0,0,12,0,NA,NA,NA,NA,NA,NA
106,14V,1,D,,,,0,0,0,6,0,0,0,0,0,4,0,0,0,NA,NA,NA,NA,NA,NA,NA,NA,NA,NA,NA,NA,NA,NA,NA,NA,NA,NA,NA,NA,NA,NA,NA,NA,NA,NA,NA,NA,NA,NA,NA,NA
107,14V,1,D,,,,0,0,0,2,0,0,8,0,0,12,0,0,7,0,0,0,0,0,0,0,NA,NA,NA,NA,NA,NA,NA,NA,NA,NA,NA,NA,NA,NA,NA,NA,NA,NA,NA,NA,NA,NA,NA,NA,NA
108,14V,1,D,,,,0,0,0,0,0,0,4,0,0,10,0,0,7,0,0,NA,NA,NA,NA,NA,NA,NA,NA,NA,NA,NA,NA,NA,NA,NA,NA,NA,NA,NA,NA,NA,NA,NA,NA,NA,NA,NA,NA,NA,NA
109,14V,1,D,,,,0,0,0,3,0,0,8,0,0,13,0,0,0,0,0,NA,NA,NA,NA,NA,NA,NA,NA,NA,NA,NA,NA,NA,NA,NA,NA,NA,NA,NA,NA,NA,NA,NA,NA,NA,NA,NA,NA,NA,NA
110,14V,1,D,1,,,0,0,0,0,0,0,9,0,0,0,0,0,0,0,0,NA,NA,NA,NA,NA,NA,NA,NA,NA,NA,NA,NA,NA,NA,NA,NA,NA,NA,NA,NA,NA,NA,NA,NA,NA,NA,NA,NA,NA,NA
111,14V,1,D,,1,,0,0,0,1,0,0,8,0,0,13,0,0,8,0,0,0,0,2,0,0,13,0,0,14,0,0,12,0,0,11,0,0,12,0,0,11,0,0,0,NA,NA,NA,NA,NA,NA
112,14V,1,D,,,,0,0,0,1,0,0,9,0,0,14,0,0,6,0,0,NA,NA,NA,NA,NA,NA,NA,NA,NA,NA,NA,NA,NA,NA,NA,NA,NA,NA,NA,NA,NA,NA,NA,NA,NA,NA,NA,NA,NA,NA
113,14V,1,D,,,,0,0,0,0,0,0,1,0,7,2,0,0,5,0,0,NA,NA,NA,NA,NA,NA,NA,NA,NA,NA,NA,NA,NA,NA,NA,NA,NA,NA,NA,NA,NA,NA,NA,NA,NA,NA,NA,NA,NA,NA
114,14V,1,D,,,,0,0,0,2,0,0,11,0,0,11,0,0,6,0,0,2,0,0,0,0,NA,NA,NA,NA,NA,NA,NA,NA,NA,NA,NA,NA,NA,NA,NA,NA,NA,NA,NA,NA,NA,NA,NA,NA,NA
115,14V,1,D,,1,,0,0,0,0,0,2,0,0,9,0,0,10,0,0,7,0,5,2,0,0,0,0,0,0,0,0,0,0,0,0,0,1,0,0,0,0,0,0,0,NA,NA,NA,NA,NA,NA
116,14V,1,D,,,,0,0,0,5,0,0,0,0,1,10,0,1,6,0,0,0,0,0,NA,NA,NA,NA,NA,NA,NA,NA,NA,NA,NA,NA,NA,NA,NA,NA,NA,NA,NA,NA,NA,NA,NA,NA,NA,NA,NA
117,14V,1,D,,,,0,0,0,4,0,0,7,0,0,10,0,0,7,0,0,3,0,NA,NA,NA,NA,NA,NA,NA,NA,NA,NA,NA,NA,NA,NA,NA,NA,NA,NA,NA,NA,NA,NA,NA,NA,NA,NA,NA,NA
118,14V,1,D,,,,0,0,0,0,4,0,1,8,0,10,0,0,3,1,0,0,0,0,NA,NA,NA,NA,NA,NA,NA,NA,NA,NA,NA,NA,NA,NA,NA,NA,NA,NA,NA,NA,NA,NA,NA,NA,NA,NA,NA
119,14V,1,D,,,,0,0,0,4,0,0,7,0,0,11,0,0,7,0,0,0,0,NA,NA,NA,NA,NA,NA,NA,NA,NA,NA,NA,NA,NA,NA,NA,NA,NA,NA,NA,NA,NA,NA,NA,NA,NA,NA,NA,NA
120,14V,1,D,,,,0,0,0,0,4,0,4,1,0,0,0,0,4,0,0,10,0,0,0,0,0,NA,NA,NA,NA,NA,NA,NA,NA,NA,NA,NA,NA,NA,NA,NA,NA,NA,NA,NA,NA,NA,NA,NA,NA
121,14V,1,D,,,,0,0,0,5,0,0,6,0,0,6,0,0,5,0,NA,NA,NA,NA,NA,NA,NA,NA,NA,NA,NA,NA,NA,NA,NA,NA,NA,NA,NA,NA,NA,NA,NA,NA,NA,NA,NA,NA,NA,NA,NA
122,14V,1,D,,,,0,0,0,0,0,0,3,0,0,5,0,0,6,0,0,NA,NA,NA,NA,NA,NA,NA,NA,NA,NA,NA,NA,NA,NA,NA,NA,NA,NA,NA,NA,NA,NA,NA,NA,NA,NA,NA,NA,NA,NA
123,14V,1,D,1,,,0,0,0,0,0,0,0,0,0,0,0,0,0,0,0,0,NA,NA,NA,NA,NA,NA,NA,NA,NA,NA,NA,NA,NA,NA,NA,NA,NA,NA,NA,NA,NA,NA,NA,NA,NA,NA,NA,NA,NA
124,14V,1,D,,,,0,0,0,5,0,0,8,0,0,10,0,0,9,0,0,1,0,0,0,0,NA,NA,NA,NA,NA,NA,NA,NA,NA,NA,NA,NA,NA,NA,NA,NA,NA,NA,NA,NA,NA,NA,NA,NA,NA
125,14V,1,D,,,,0,0,0,4,0,0,7,0,0,10,0,0,9,0,0,6,0,NA,NA,NA,NA,NA,NA,NA,NA,NA,NA,NA,NA,NA,NA,NA,NA,NA,NA,NA,NA,NA,NA,NA,NA,NA,NA,NA,NA
126,14V,1,D,,,,0,0,0,0,0,0,0,0,6,0,0,10,0,NA,NA,NA,NA,NA,NA,NA,NA,NA,NA,NA,NA,NA,NA,NA,NA,NA,NA,NA,NA,NA,NA,NA,NA,NA,NA,NA,NA,NA,NA,NA,NA
127,14V,1,D,,,,0,0,0,1,0,0,8,0,0,11,0,0,5,0,0,0,0,0,0,0,0,NA,NA,NA,NA,NA,NA,NA,NA,NA,NA,NA,NA,NA,NA,NA,NA,NA,NA,NA,NA,NA,NA,NA,NA
128,14V,1,D,1,,,0,0,0,0,0,0,0,0,0,0,0,0,NA,NA,NA,NA,NA,NA,NA,NA,NA,NA,NA,NA,NA,NA,NA,NA,NA,NA,NA,NA,NA,NA,NA,NA,NA,NA,NA,NA,NA,NA,NA,NA,NA
129,14V,1,D,,,,0,0,0,2,0,0,8,0,0,10,0,4,5,0,0,2,0,0,0,0,0,0,0,0,NA,NA,NA,NA,NA,NA,NA,NA,NA,NA,NA,NA,NA,NA,NA,NA,NA,NA,NA,NA,NA
130,14V,1,D,,,,0,0,0,2,0,0,7,0,0,8,0,0,0,NA,NA,NA,NA,NA,NA,NA,NA,NA,NA,NA,NA,NA,NA,NA,NA,NA,NA,NA,NA,NA,NA,NA,NA,NA,NA,NA,NA,NA,NA,NA,NA
131,14V,1,D,,,,0,0,0,0,0,5,0,0,8,0,0,7,0,0,0,0,NA,NA,NA,NA,NA,NA,NA,NA,NA,NA,NA,NA,NA,NA,NA,NA,NA,NA,NA,NA,NA,NA,NA,NA,NA,NA,NA,NA,NA
132,14V,1,D,,,,0,0,0,0,1,0,4,0,0,1,0,0,0,0,0,NA,NA,NA,NA,NA,NA,NA,NA,NA,NA,NA,NA,NA,NA,NA,NA,NA,NA,NA,NA,NA,NA,NA,NA,NA,NA,NA,NA,NA,NA
133,14V,1,D,,,,0,0,0,0,5,0,0,8,0,0,6,0,0,0,NA,NA,NA,NA,NA,NA,NA,NA,NA,NA,NA,NA,NA,NA,NA,NA,NA,NA,NA,NA,NA,NA,NA,NA,NA,NA,NA,NA,NA,NA,NA
134,14V,1,D,,,,0,0,0,0,0,0,0,8,0,4,4,0,0,0,0,NA,NA,NA,NA,NA,NA,NA,NA,NA,NA,NA,NA,NA,NA,NA,NA,NA,NA,NA,NA,NA,NA,NA,NA,NA,NA,NA,NA,NA,NA
135,14V,1,D,,,,0,0,0,2,0,0,8,0,0,11,0,3,5,0,0,0,0,0,0,0,0,0,0,0,0,0,0,0,0,2,0,0,0,0,0,0,NA,NA,NA,NA,NA,NA,NA,NA,NA
136,14V,1,D,,,1,0,0,0,5,0,0,7,0,0,8,0,0,8,0,0,9,0,0,12,0,0,13,0,0,16,0,0,14,NA,NA,NA,NA,NA,NA,NA,NA,NA,NA,NA,NA,NA,NA,NA,NA,NA
137,14V,1,D,,,,0,0,0,3,0,0,0,0,0,10,0,0,8,0,0,7,0,0,9,0,0,11,0,0,13,0,0,13,0,0,9,0,0,4,0,0,0,0,0,0,0,0,0,0,NA
138,14V,1,D,,,,0,0,0,4,0,0,7,0,0,9,0,0,9,0,0,10,0,0,13,0,5,7,0,8,1,0,0,15,0,12,1,0,12,0,0,0,0,0,0,0,0,0,5,0,NA
139,14V,1,D,,1,,0,0,0,4,0,0,8,0,0,7,0,0,5,0,0,6,0,5,6,0,3,8,0,6,4,0,0,11,0,9,3,0,0,7,0,7,6,0,0,11,0,0,7,0,NA
140,14V,1,D,,1,,0,0,0,0,4,0,0,6,0,0,5,0,6,0,0,2,0,0,8,0,0,15,0,0,14,0,0,15,0,0,15,0,0,14,0,0,13,0,0,9,1,0,0,0,NA
141,14V,1,D,,,,0,0,0,0,2,0,0,1,0,0,7,0,0,8,0,1,0,0,0,0,0,0,0,0,7,0,0,10,0,0,12,0,0,12,0,0,2,0,NA,NA,NA,NA,NA,NA,NA
142,14V,1,D,1,1,,0,0,0,0,0,0,0,0,0,0,0,0,0,0,0,0,0,0,0,0,0,NA,NA,NA,NA,NA,NA,NA,NA,NA,NA,NA,NA,NA,NA,NA,NA,NA,NA,NA,NA,NA,NA,NA,NA
143,14V,1,D,,,,0,0,0,0,5,0,7,0,0,0,0,0,5,0,0,11,0,0,15,0,0,16,NA,NA,NA,NA,NA,NA,NA,NA,NA,NA,NA,NA,NA,NA,NA,NA,NA,NA,NA,NA,NA,NA,NA
144,14V,1,D,,1,,0,0,0,0,5,0,0,8,0,0,11,0,0,9,0,0,10,0,0,14,2,0,14,0,0,10,0,0,11,0,0,13,0,0,16,0,0,8,0,0,10,0,0,0,NA
145,14V,1,D,1,1,,0,0,0,0,0,0,0,0,0,0,0,0,0,1,0,0,0,0,0,0,0,0,NA,NA,NA,NA,NA,NA,NA,NA,NA,NA,NA,NA,NA,NA,NA,NA,NA,NA,NA,NA,NA,NA,NA
146,14V,1,D,,,,0,0,0,0,0,4,0,0,7,0,0,4,0,0,0,0,6,0,0,3,6,0,5,3,0,10,2,0,13,0,0,8,0,0,0,3,0,0,0,0,0,NA,NA,NA,NA
147,14V,1,D,1,1,,0,0,0,0,0,0,0,0,0,0,0,0,0,0,0,0,0,0,0,0,1,NA,NA,NA,NA,NA,NA,NA,NA,NA,NA,NA,NA,NA,NA,NA,NA,NA,NA,NA,NA,NA,NA,NA,NA
148,14V,1,D,,1,,0,0,0,0,0,0,3,0,5,0,0,1,0,0,3,0,0,7,0,0,9,0,0,14,0,0,20,0,0,5,0,0,12,0,0,12,0,0,9,0,0,2,0,0,NA
149,14V,1,D,,,,0,0,0,0,3,0,5,0,0,2,0,0,0,0,0,1,0,0,NA,NA,NA,NA,NA,NA,NA,NA,NA,NA,NA,NA,NA,NA,NA,NA,NA,NA,NA,NA,NA,NA,NA,NA,NA,NA,NA
150,14V,1,D,,,,0,0,0,3,1,0,10,0,0,12,0,0,9,0,0,10,0,0,12,0,1,16,0,0,13,0,0,16,0,0,17,0,2,17,0,0,18,0,0,13,0,0,4,NA,NA
151,15,0.1,D,,1,,0,0,0,0,0,0,0,0,0,0,0,0,0,0,0,1,0,0,0,0,4,0,0,0,0,7,0,0,0,0,5,0,0,0,0,6,0,0,0,0,7,0,0,0,NA
152,15,0.1,D,,1,,0,0,0,0,0,0,0,0,0,0,0,0,0,0,2,0,0,0,0,5,1,0,0,0,5,0,0,0,5,0,0,0,0,7,0,0,0,0,7,0,0,0,0,0,NA
153,15,0.1,D,,,,0,0,0,0,0,0,0,0,0,0,3,0,0,0,0,5,0,0,0,0,5,0,0,0,0,4,0,0,0,0,4,0,0,0,0,8,0,0,0,0,0,9,NA,NA,NA
154,15,0.1,D,,,,0,0,0,NA,NA,NA,NA,NA,NA,NA,NA,NA,NA,NA,NA,NA,NA,NA,NA,NA,NA,NA,NA,NA,NA,NA,NA,NA,NA,NA,NA,NA,NA,NA,NA,NA,NA,NA,NA,NA,NA,NA,NA,NA,NA
155,15,0.1,D,,1,,0,0,0,0,0,0,0,0,0,0,0,0,2,0,0,0,0,4,0,0,0,0,8,0,0,0,0,5,0,0,1,0,6,0,0,0,0,6,0,0,0,0,7,0,NA
156,15,0.1,D,,1,,0,0,0,0,0,0,0,0,0,0,0,0,0,0,2,0,0,0,0,5,0,0,0,4,0,0,0,0,4,0,0,0,0,5,0,0,0,0,6,0,0,0,0,0,NA
157,15,0.1,D,,1,,0,0,0,0,0,0,0,0,0,0,0,2,0,0,0,0,5,0,0,0,0,4,0,0,0,0,6,0,0,0,0,7,0,0,0,0,6,0,0,0,0,8,0,0,NA
158,15,0.1,D,,,,0,0,0,0,0,0,0,0,0,0,0,0,0,0,0,0,0,3,0,0,0,0,5,0,0,0,0,6,0,0,0,0,6,0,0,0,0,6,0,0,0,0,8,0,NA
159,15,0.1,D,,,,0,0,0,0,0,0,NA,NA,NA,NA,NA,NA,NA,NA,NA,NA,NA,NA,NA,NA,NA,NA,NA,NA,NA,NA,NA,NA,NA,NA,NA,NA,NA,NA,NA,NA,NA,NA,NA,NA,NA,NA,NA,NA,NA
160,15,0.1,D,,,,0,0,0,0,NA,NA,NA,NA,NA,NA,NA,NA,NA,NA,NA,NA,NA,NA,NA,NA,NA,NA,NA,NA,NA,NA,NA,NA,NA,NA,NA,NA,NA,NA,NA,NA,NA,NA,NA,NA,NA,NA,NA,NA,NA
161,15,0.1,D,,1,,0,0,0,0,0,0,0,0,0,0,0,0,0,0,0,0,0,0,0,5,0,0,0,0,6,0,0,0,0,5,0,0,0,0,6,0,0,0,0,7,0,0,0,0,NA
162,15,0.1,D,,,,0,0,0,0,0,0,0,NA,NA,NA,NA,NA,NA,NA,NA,NA,NA,NA,NA,NA,NA,NA,NA,NA,NA,NA,NA,NA,NA,NA,NA,NA,NA,NA,NA,NA,NA,NA,NA,NA,NA,NA,NA,NA,NA
163,15,0.1,D,,,,0,0,0,NA,NA,NA,NA,NA,NA,NA,NA,NA,NA,NA,NA,NA,NA,NA,NA,NA,NA,NA,NA,NA,NA,NA,NA,NA,NA,NA,NA,NA,NA,NA,NA,NA,NA,NA,NA,NA,NA,NA,NA,NA,NA
164,15,0.1,D,,,,0,0,0,0,0,0,0,0,0,0,0,0,0,2,0,0,0,0,5,0,0,0,0,4,0,0,0,6,0,0,0,0,5,0,0,0,0,6,0,0,0,0,0,0,NA
165,15,0.1,D,,,,0,0,0,0,0,0,0,0,0,0,0,0,0,0,0,0,0,4,0,0,0,0,7,0,0,0,3,0,0,0,0,5,0,0,0,0,6,0,0,0,0,0,6,0,NA
166,15,0.1,D,,,,0,0,0,0,0,0,0,0,0,0,0,2,0,0,0,0,4,0,0,0,0,6,0,0,0,0,5,1,0,0,0,0,0,0,0,0,0,0,0,0,0,0,NA,NA,NA
167,15,0.1,D,,,,0,0,0,0,0,NA,NA,NA,NA,NA,NA,NA,NA,NA,NA,NA,NA,NA,NA,NA,NA,NA,NA,NA,NA,NA,NA,NA,NA,NA,NA,NA,NA,NA,NA,NA,NA,NA,NA,NA,NA,NA,NA,NA,NA
168,15,0.1,D,,,,0,0,0,0,0,NA,NA,NA,NA,NA,NA,NA,NA,NA,NA,NA,NA,NA,NA,NA,NA,NA,NA,NA,NA,NA,NA,NA,NA,NA,NA,NA,NA,NA,NA,NA,NA,NA,NA,NA,NA,NA,NA,NA,NA
169,15,0.1,D,,,,0,NA,NA,NA,NA,NA,NA,NA,NA,NA,NA,NA,NA,NA,NA,NA,NA,NA,NA,NA,NA,NA,NA,NA,NA,NA,NA,NA,NA,NA,NA,NA,NA,NA,NA,NA,NA,NA,NA,NA,NA,NA,NA,NA,NA
170,15,0.1,D,,1,,0,0,0,0,0,0,0,0,0,0,0,0,1,0,0,0,0,0,4,0,0,0,0,6,0,0,0,3,3,0,0,0,0,5,0,0,0,0,0,NA,NA,NA,NA,NA,NA
171,15,0.1,D,,1,,0,0,0,0,0,0,0,0,0,0,0,0,0,3,0,0,0,0,5,0,0,0,0,5,0,0,0,0,5,0,0,0,0,6,0,0,0,0,0,NA,NA,NA,NA,NA,NA
172,15,0.1,D,,,,0,0,0,NA,NA,NA,NA,NA,NA,NA,NA,NA,NA,NA,NA,NA,NA,NA,NA,NA,NA,NA,NA,NA,NA,NA,NA,NA,NA,NA,NA,NA,NA,NA,NA,NA,NA,NA,NA,NA,NA,NA,NA,NA,NA
173,15,0.1,D,,,,0,0,0,0,0,0,NA,NA,NA,NA,NA,NA,NA,NA,NA,NA,NA,NA,NA,NA,NA,NA,NA,NA,NA,NA,NA,NA,NA,NA,NA,NA,NA,NA,NA,NA,NA,NA,NA,NA,NA,NA,NA,NA,NA
174,15,0.1,D,1,1,,0,0,0,0,0,0,0,0,0,0,0,0,0,0,0,0,0,0,0,0,0,0,0,0,0,0,NA,NA,NA,NA,NA,NA,NA,NA,NA,NA,NA,NA,NA,NA,NA,NA,NA,NA,NA
175,15,0.1,D,,,,0,0,0,0,0,NA,NA,NA,NA,NA,NA,NA,NA,NA,NA,NA,NA,NA,NA,NA,NA,NA,NA,NA,NA,NA,NA,NA,NA,NA,NA,NA,NA,NA,NA,NA,NA,NA,NA,NA,NA,NA,NA,NA,NA
176,15,0.1,D,,1,,0,0,0,0,0,0,0,0,0,0,0,0,0,0,0,0,0,0,2,0,0,0,0,0,0,0,0,0,1,0,0,0,0,0,0,0,0,0,0,NA,NA,NA,NA,NA,NA
177,15,0.1,D,,1,,0,0,0,0,0,0,0,0,0,0,0,0,0,0,0,0,0,0,0,0,0,0,0,4,0,0,0,0,3,0,0,0,0,5,0,0,0,6,0,NA,NA,NA,NA,NA,NA
178,15,0.1,D,,1,,0,0,0,0,0,0,0,0,0,0,0,0,0,2,0,0,0,0,4,0,0,0,0,5,0,0,0,0,4,0,0,0,0,5,0,0,0,0,0,NA,NA,NA,NA,NA,NA
179,15,0.1,D,,1,,0,0,0,0,0,0,0,0,0,0,0,0,0,0,0,0,0,3,0,0,0,0,6,0,0,0,0,6,0,0,0,0,5,0,0,0,0,6,0,NA,NA,NA,NA,NA,NA
180,15,0.1,D,,1,,0,0,0,0,0,0,0,0,0,0,0,0,0,0,0,0,0,5,0,0,0,6,0,0,0,0,7,0,0,0,0,7,0,0,0,0,7,0,0,NA,NA,NA,NA,NA,NA
181,15,0.1,D,,,,0,0,0,0,NA,NA,NA,NA,NA,NA,NA,NA,NA,NA,NA,NA,NA,NA,NA,NA,NA,NA,NA,NA,NA,NA,NA,NA,NA,NA,NA,NA,NA,NA,NA,NA,NA,NA,NA,NA,NA,NA,NA,NA,NA
182,15,0.1,D,,,,0,0,0,0,NA,NA,NA,NA,NA,NA,NA,NA,NA,NA,NA,NA,NA,NA,NA,NA,NA,NA,NA,NA,NA,NA,NA,NA,NA,NA,NA,NA,NA,NA,NA,NA,NA,NA,NA,NA,NA,NA,NA,NA,NA
183,15,0.1,D,,1,,1,0,0,0,0,0,0,0,0,0,0,0,0,3,0,0,0,0,4,0,0,0,0,7,0,0,0,0,5,0,0,0,0,5,0,0,0,0,0,NA,NA,NA,NA,NA,NA
184,15,0.1,D,,1,,0,0,0,0,0,0,0,0,0,0,0,0,0,0,0,0,0,0,0,0,0,4,0,0,0,0,6,0,0,0,0,6,0,0,0,0,6,0,0,NA,NA,NA,NA,NA,NA
185,15,0.1,D,,,,0,0,0,0,NA,NA,NA,NA,NA,NA,NA,NA,NA,NA,NA,NA,NA,NA,NA,NA,NA,NA,NA,NA,NA,NA,NA,NA,NA,NA,NA,NA,NA,NA,NA,NA,NA,NA,NA,NA,NA,NA,NA,NA,NA
186,15,0.1,D,,,,0,0,0,0,0,NA,NA,NA,NA,NA,NA,NA,NA,NA,NA,NA,NA,NA,NA,NA,NA,NA,NA,NA,NA,NA,NA,NA,NA,NA,NA,NA,NA,NA,NA,NA,NA,NA,NA,NA,NA,NA,NA,NA,NA
187,15,0.1,D,,,,0,0,0,0,0,0,0,0,NA,NA,NA,NA,NA,NA,NA,NA,NA,NA,NA,NA,NA,NA,NA,NA,NA,NA,NA,NA,NA,NA,NA,NA,NA,NA,NA,NA,NA,NA,NA,NA,NA,NA,NA,NA,NA
188,15,0.1,D,,,,0,0,0,0,NA,NA,NA,NA,NA,NA,NA,NA,NA,NA,NA,NA,NA,NA,NA,NA,NA,NA,NA,NA,NA,NA,NA,NA,NA,NA,NA,NA,NA,NA,NA,NA,NA,NA,NA,NA,NA,NA,NA,NA,NA
189,15,0.1,D,,1,,0,0,0,0,0,0,0,0,0,0,0,3,0,0,0,0,2,0,0,0,0,7,0,0,0,0,6,0,0,0,0,6,0,0,0,0,6,0,0,NA,NA,NA,NA,NA,NA
190,15,0.1,D,,1,,0,0,0,0,0,0,0,0,0,0,0,0,4,0,0,0,4,0,0,0,0,4,0,0,0,0,6,0,0,0,0,4,0,0,0,0,6,0,0,NA,NA,NA,NA,NA,NA
191,15,0.1,D,,,,0,0,0,0,0,NA,NA,NA,NA,NA,NA,NA,NA,NA,NA,NA,NA,NA,NA,NA,NA,NA,NA,NA,NA,NA,NA,NA,NA,NA,NA,NA,NA,NA,NA,NA,NA,NA,NA,NA,NA,NA,NA,NA,NA
192,15,0.1,D,,,,0,0,0,0,NA,NA,NA,NA,NA,NA,NA,NA,NA,NA,NA,NA,NA,NA,NA,NA,NA,NA,NA,NA,NA,NA,NA,NA,NA,NA,NA,NA,NA,NA,NA,NA,NA,NA,NA,NA,NA,NA,NA,NA,NA
193,15,0.1,D,,1,,0,0,0,0,0,0,0,0,0,0,0,0,0,0,0,0,0,0,4,0,0,0,4,0,0,0,0,1,0,0,0,0,5,0,0,0,0,6,0,NA,NA,NA,NA,NA,NA
194,15,0.1,D,,,,0,0,0,0,0,NA,NA,NA,NA,NA,NA,NA,NA,NA,NA,NA,NA,NA,NA,NA,NA,NA,NA,NA,NA,NA,NA,NA,NA,NA,NA,NA,NA,NA,NA,NA,NA,NA,NA,NA,NA,NA,NA,NA,NA
195,15,0.1,D,,1,,0,0,0,0,0,0,0,0,0,0,0,0,0,0,0,4,0,0,0,0,5,0,0,0,0,6,0,0,0,0,6,0,0,0,0,7,0,0,0,NA,NA,NA,NA,NA,NA
196,15,0.1,D,,1,,0,0,0,0,0,0,0,0,0,0,0,0,0,0,0,0,0,3,0,0,0,0,5,0,0,0,0,6,0,0,0,0,5,0,0,0,0,6,0,NA,NA,NA,NA,NA,NA
197,15,0.1,D,,1,,0,0,0,0,0,0,0,0,0,0,0,3,0,0,0,0,5,1,0,0,0,7,0,0,0,0,6,0,0,0,0,5,0,0,0,0,6,0,0,NA,NA,NA,NA,NA,NA
198,15,0.1,D,,,,0,0,0,0,0,NA,NA,NA,NA,NA,NA,NA,NA,NA,NA,NA,NA,NA,NA,NA,NA,NA,NA,NA,NA,NA,NA,NA,NA,NA,NA,NA,NA,NA,NA,NA,NA,NA,NA,NA,NA,NA,NA,NA,NA
199,15,0.1,D,,1,,0,0,0,0,0,0,0,0,0,0,0,0,0,0,0,2,0,0,0,2,0,0,0,0,4,0,0,0,0,5,0,0,0,0,0,0,0,0,0,NA,NA,NA,NA,NA,NA
200,15,0.1,D,,,,0,0,0,0,0,0,0,NA,NA,NA,NA,NA,NA,NA,NA,NA,NA,NA,NA,NA,NA,NA,NA,NA,NA,NA,NA,NA,NA,NA,NA,NA,NA,NA,NA,NA,NA,NA,NA,NA,NA,NA,NA,NA,NA
201,15,0.1,D,,,,0,NA,NA,NA,NA,NA,NA,NA,NA,NA,NA,NA,NA,NA,NA,NA,NA,NA,NA,NA,NA,NA,NA,NA,NA,NA,NA,NA,NA,NA,NA,NA,NA,NA,NA,NA,NA,NA,NA,NA,NA,NA,NA,NA,NA
202,15,0.1,D,,1,,0,0,0,0,0,0,0,0,0,0,0,0,0,0,0,0,0,3,0,0,0,3,4,0,0,0,5,0,0,0,0,6,0,0,0,0,7,0,0,NA,NA,NA,NA,NA,NA
203,15,0.1,D,,,,0,0,0,0,0,NA,NA,NA,NA,NA,NA,NA,NA,NA,NA,NA,NA,NA,NA,NA,NA,NA,NA,NA,NA,NA,NA,NA,NA,NA,NA,NA,NA,NA,NA,NA,NA,NA,NA,NA,NA,NA,NA,NA,NA
204,15,0.1,D,,,,0,0,0,0,0,NA,NA,NA,NA,NA,NA,NA,NA,NA,NA,NA,NA,NA,NA,NA,NA,NA,NA,NA,NA,NA,NA,NA,NA,NA,NA,NA,NA,NA,NA,NA,NA,NA,NA,NA,NA,NA,NA,NA,NA
205,15,0.1,D,,,,0,0,0,0,0,NA,NA,NA,NA,NA,NA,NA,NA,NA,NA,NA,NA,NA,NA,NA,NA,NA,NA,NA,NA,NA,NA,NA,NA,NA,NA,NA,NA,NA,NA,NA,NA,NA,NA,NA,NA,NA,NA,NA,NA
206,15,0.1,D,,,,0,0,0,NA,NA,NA,NA,NA,NA,NA,NA,NA,NA,NA,NA,NA,NA,NA,NA,NA,NA,NA,NA,NA,NA,NA,NA,NA,NA,NA,NA,NA,NA,NA,NA,NA,NA,NA,NA,NA,NA,NA,NA,NA,NA
207,15,0.1,D,,1,,0,0,0,0,0,0,0,0,0,0,0,0,2,0,0,0,0,4,0,0,0,0,8,0,0,0,0,7,0,0,0,0,6,0,0,0,0,6,0,NA,NA,NA,NA,NA,NA
208,15,0.1,D,,1,,0,0,0,0,0,0,0,0,0,0,0,2,1,0,0,0,6,0,0,0,0,5,0,0,0,0,7,0,0,0,0,7,0,0,0,0,7,0,0,NA,NA,NA,NA,NA,NA
209,15,0.1,D,,,,0,0,0,NA,NA,NA,NA,NA,NA,NA,NA,NA,NA,NA,NA,NA,NA,NA,NA,NA,NA,NA,NA,NA,NA,NA,NA,NA,NA,NA,NA,NA,NA,NA,NA,NA,NA,NA,NA,NA,NA,NA,NA,NA,NA
210,15,0.1,D,,1,,0,0,0,0,0,0,0,0,0,0,0,0,0,0,0,3,0,0,0,0,2,0,0,0,0,6,0,0,0,0,5,0,0,0,0,,0,0,0,NA,NA,NA,NA,NA,NA
211,15,0.5,D,,,,0,0,0,0,0,0,0,0,0,0,0,4,0,0,0,2,0,0,0,0,0,7,0,0,0,6,0,0,0,0,9,0,0,0,0,9,0,0,0,0,9,0,NA,NA,NA
212,15,0.5,D,,1,,0,0,0,0,0,0,0,0,0,0,0,0,0,0,0,4,0,0,0,0,8,0,0,0,6,0,0,0,0,8,0,0,0,0,8,0,0,0,0,10,0,0,0,0,NA
213,15,0.5,D,,,,0,0,0,0,0,0,0,0,0,0,0,0,0,0,0,0,0,0,0,0,0,0,NA,NA,NA,NA,NA,NA,NA,NA,NA,NA,NA,NA,NA,NA,NA,NA,NA,NA,NA,NA,NA,NA,NA
214,15,0.5,D,,1,,0,0,0,0,0,0,0,0,0,0,0,0,0,2,0,0,0,0,6,0,0,0,0,7,0,0,0,8,0,0,0,0,7,0,0,0,0,9,0,0,0,0,7,0,NA
215,15,0.5,D,,,,0,0,0,0,0,0,0,0,0,0,0,0,0,0,0,0,4,0,0,0,0,6,0,0,0,7,0,0,0,0,8,0,0,0,0,9,0,0,0,0,7,0,NA,NA,NA
216,15,0.5,D,,1,,0,0,0,0,0,0,0,0,0,0,0,0,0,0,0,0,7,0,0,0,0,9,0,0,0,0,10,0,0,0,9,0,0,0,0,8,0,0,0,0,13,0,0,0,NA
217,15,0.5,D,,1,,0,0,0,0,0,0,0,0,0,0,0,2,0,0,0,0,6,0,0,0,0,8,0,0,0,0,11,0,0,0,5,0,0,0,0,8,0,0,0,0,8,0,0,0,NA
218,15,0.5,D,,1,,0,0,0,0,0,0,0,0,0,0,0,0,0,0,0,1,0,0,0,0,3,0,0,0,0,5,0,0,0,8,0,0,0,0,8,0,0,0,0,7,1,0,0,0,NA
219,15,0.5,D,,1,,0,0,0,0,0,0,0,0,0,0,3,0,0,0,0,6,0,0,0,0,6,0,0,0,0,7,0,0,0,0,8,0,0,0,0,8,0,0,0,0,8,0,0,0,NA
220,15,0.5,D,,,,NA,NA,NA,NA,NA,NA,NA,NA,NA,NA,NA,NA,NA,NA,NA,NA,NA,NA,NA,NA,NA,NA,NA,NA,NA,NA,NA,NA,NA,NA,NA,NA,NA,NA,NA,NA,NA,NA,NA,NA,NA,NA,NA,NA,NA
221,15,0.5,D,,1,,0,0,0,0,0,0,0,0,0,0,0,0,2,0,0,0,0,0,0,0,0,7,0,0,0,0,6,0,0,0,0,8,0,0,0,7,0,0,0,0,0,0,0,0,NA
222,15,0.5,D,,1,,0,0,0,0,0,0,0,0,0,4,0,0,0,0,5,0,0,0,0,6,0,0,0,0,7,0,0,0,0,6,0,0,0,0,7,0,0,0,0,12,0,0,0,0,NA
223,15,0.5,D,,1,,0,0,0,0,0,0,0,0,0,0,0,0,0,0,4,0,0,0,0,4,0,0,0,0,0,0,0,0,0,8,0,0,0,0,9,0,0,0,0,2,1,0,0,0,NA
224,15,0.5,D,,1,,0,0,0,0,0,0,0,0,0,0,0,0,0,0,0,5,0,0,0,0,8,0,0,0,0,9,0,0,0,1,10,0,0,0,0,10,0,0,0,0,6,0,0,0,NA
225,15,0.5,D,,,,0,0,0,0,0,0,0,0,0,0,0,5,0,0,0,0,6,0,0,0,0,5,0,0,0,0,8,0,0,0,0,8,0,0,0,0,10,0,0,0,0,10,NA,NA,NA
226,15,0.5,D,1,1,,0,0,0,0,0,0,0,0,0,0,0,0,0,0,0,0,0,0,0,0,0,0,NA,NA,NA,NA,NA,NA,NA,NA,NA,NA,NA,NA,NA,NA,NA,NA,NA,NA,NA,NA,NA,NA,NA
227,15,0.5,D,,1,,0,0,0,0,0,0,0,0,0,0,0,0,4,0,0,0,5,0,0,0,0,4,0,0,0,0,6,0,0,0,0,8,0,0,0,0,8,0,0,NA,NA,NA,NA,NA,NA
228,15,0.5,D,,1,,0,0,0,0,0,0,0,0,0,0,0,0,0,0,0,0,0,0,0,6,0,0,0,0,10,0,0,0,0,10,0,0,0,0,12,0,0,0,0,NA,NA,NA,NA,NA,NA
229,15,0.5,D,,,,0,0,0,0,0,0,0,0,0,0,0,0,0,0,0,0,0,0,0,0,0,0,0,1,0,0,0,0,0,1,0,0,0,NA,NA,NA,NA,NA,NA,NA,NA,NA,NA,NA,NA
230,15,0.5,D,1,1,,0,0,0,0,0,0,0,0,0,0,0,0,0,0,0,0,0,0,0,0,0,0,NA,NA,NA,NA,NA,NA,NA,NA,NA,NA,NA,NA,NA,NA,NA,NA,NA,NA,NA,NA,NA,NA,NA
231,15,0.5,D,,1,,0,0,0,0,0,0,0,0,0,0,0,0,0,3,0,0,0,0,4,0,0,0,0,8,0,0,0,0,3,0,0,0,0,10,0,0,0,0,0,NA,NA,NA,NA,NA,NA
232,15,0.5,D,,1,,0,0,0,0,0,0,0,0,0,0,0,0,3,0,0,0,0,7,0,0,0,0,6,0,0,0,0,7,0,0,0,0,9,0,0,0,0,9,0,NA,NA,NA,NA,NA,NA
233,15,0.5,D,,,,0,0,0,0,0,0,0,0,0,0,NA,NA,NA,NA,NA,NA,NA,NA,NA,NA,NA,NA,NA,NA,NA,NA,NA,NA,NA,NA,NA,NA,NA,NA,NA,NA,NA,NA,NA,NA,NA,NA,NA,NA,NA
234,15,0.5,D,,1,,0,0,0,0,0,0,0,0,0,0,0,5,0,0,0,0,6,0,0,0,0,7,0,0,0,0,9,0,0,0,0,0,0,0,0,0,9,0,0,NA,NA,NA,NA,NA,NA
235,15,0.5,D,,1,,0,0,0,0,0,0,0,0,0,0,0,0,0,0,0,0,7,0,0,0,0,6,0,0,0,0,6,0,0,0,0,8,0,0,0,0,8,1,0,NA,NA,NA,NA,NA,NA
236,15,0.5,D,,1,,0,0,0,0,0,0,0,0,0,0,0,0,3,0,0,0,0,3,0,0,0,0,7,0,0,0,3,0,0,0,0,9,0,0,0,0,0,12,0,NA,NA,NA,NA,NA,NA
237,15,0.5,D,,1,,0,0,0,0,0,0,0,0,0,0,0,2,3,0,0,0,0,4,0,0,0,0,5,0,0,0,0,7,0,0,0,0,7,0,0,0,0,9,0,NA,NA,NA,NA,NA,NA
238,15,0.5,D,1,1,,0,0,0,0,0,0,0,0,0,0,0,0,0,0,0,0,0,0,0,0,0,0,NA,NA,NA,NA,NA,NA,NA,NA,NA,NA,NA,NA,NA,NA,NA,NA,NA,NA,NA,NA,NA,NA,NA
239,15,0.5,D,,1,,0,0,0,0,0,0,0,0,0,0,0,0,0,0,0,3,0,0,0,0,5,0,0,0,0,6,0,0,0,0,6,0,0,0,0,6,0,0,0,NA,NA,NA,NA,NA,NA
240,15,0.5,D,,,,0,0,0,0,NA,NA,NA,NA,NA,NA,NA,NA,NA,NA,NA,NA,NA,NA,NA,NA,NA,NA,NA,NA,NA,NA,NA,NA,NA,NA,NA,NA,NA,NA,NA,NA,NA,NA,NA,NA,NA,NA,NA,NA,NA
241,15,0.5,D,,1,,0,0,0,0,0,0,0,0,0,0,0,0,5,0,0,0,0,8,0,0,0,0,7,0,0,0,0,6,0,0,0,0,9,0,0,0,0,9,0,NA,NA,NA,NA,NA,NA
242,15,0.5,D,,,,0,0,0,0,0,0,0,0,0,0,0,0,4,0,0,0,0,6,0,0,0,0,7,0,0,NA,NA,NA,NA,NA,NA,NA,NA,NA,NA,NA,NA,NA,NA,NA,NA,NA,NA,NA,NA
243,15,0.5,D,,1,,0,0,0,0,0,0,0,0,0,0,0,0,0,0,3,0,0,0,0,4,0,0,0,3,0,0,0,0,6,0,0,0,0,1,0,0,0,0,0,NA,NA,NA,NA,NA,NA
244,15,0.5,D,,1,,0,0,0,0,0,0,0,0,0,0,0,0,0,0,4,0,0,0,0,5,0,0,0,4,0,0,0,0,9,0,0,0,0,12,0,0,0,0,0,NA,NA,NA,NA,NA,NA
245,15,0.5,D,,,,0,0,0,0,0,0,0,0,0,0,3,0,0,0,0,5,5,0,0,0,5,0,0,0,0,7,0,0,NA,NA,NA,NA,NA,NA,NA,NA,NA,NA,NA,NA,NA,NA,NA,NA,NA
246,15,0.5,D,,1,,0,0,0,0,0,0,0,0,0,0,0,4,0,0,0,0,0,0,0,0,0,5,0,0,0,0,0,0,1,0,0,8,0,0,0,0,7,0,0,NA,NA,NA,NA,NA,NA
247,15,0.5,D,,1,,0,0,0,0,0,0,0,0,0,0,0,0,0,0,0,4,0,0,0,0,7,0,0,0,0,6,0,0,0,0,9,0,0,0,0,7,0,0,0,NA,NA,NA,NA,NA,NA
248,15,0.5,D,,,,0,0,0,0,0,0,NA,NA,NA,NA,NA,NA,NA,NA,NA,NA,NA,NA,NA,NA,NA,NA,NA,NA,NA,NA,NA,NA,NA,NA,NA,NA,NA,NA,NA,NA,NA,NA,NA,NA,NA,NA,NA,NA,NA
249,15,0.5,D,,1,,0,0,0,0,0,0,0,0,0,0,0,0,0,0,0,0,6,0,0,0,0,10,0,0,0,0,5,0,0,0,7,0,0,0,0,7,0,0,0,NA,NA,NA,NA,NA,NA
250,15,0.5,D,,1,,0,0,0,0,0,0,0,0,0,0,0,0,0,0,0,0,0,4,0,0,0,7,0,0,0,0,7,0,0,0,0,7,0,0,0,0,8,0,0,NA,NA,NA,NA,NA,NA
251,15,0.5,D,,,,0,0,0,0,0,0,0,0,0,0,0,0,0,0,0,0,0,6,0,0,0,0,6,0,0,NA,NA,NA,NA,NA,NA,NA,NA,NA,NA,NA,NA,NA,NA,NA,NA,NA,NA,NA,NA
252,15,0.5,D,,1,,0,0,0,0,0,0,0,0,0,0,0,0,2,0,0,0,0,5,0,0,0,0,7,0,0,0,0,7,0,0,0,0,9,0,0,0,0,9,0,NA,NA,NA,NA,NA,NA
253,15,0.5,D,,1,,0,0,0,0,0,0,0,0,0,0,0,0,0,4,0,2,2,0,0,0,8,0,0,0,0,7,0,0,0,0,12,0,0,0,0,12,0,0,0,NA,NA,NA,NA,NA,NA
254,15,0.5,D,,1,,0,0,0,0,0,0,0,0,0,0,0,0,0,0,0,1,0,0,0,6,0,0,0,0,4,0,0,0,0,6,0,0,0,0,9,0,0,0,0,NA,NA,NA,NA,NA,NA
255,15,0.5,D,,1,,0,0,0,0,0,0,0,0,0,0,0,0,0,0,0,0,0,5,0,0,0,0,6,0,0,0,7,0,0,0,0,10,0,0,0,0,11,0,0,NA,NA,NA,NA,NA,NA
256,15,0.5,D,,,,0,NA,NA,NA,NA,NA,NA,NA,NA,NA,NA,NA,NA,NA,NA,NA,NA,NA,NA,NA,NA,NA,NA,NA,NA,NA,NA,NA,NA,NA,NA,NA,NA,NA,NA,NA,NA,NA,NA,NA,NA,NA,NA,NA,NA
257,15,0.5,D,,,,0,0,0,0,0,0,0,0,0,0,0,0,0,0,0,0,6,0,0,0,0,8,0,0,0,0,5,0,0,0,0,0,0,0,0,0,0,0,0,0,0,0,NA,NA,NA
258,15,0.5,D,,,,0,0,0,0,0,0,0,0,0,0,0,0,0,NA,NA,NA,NA,NA,NA,NA,NA,NA,NA,NA,NA,NA,NA,NA,NA,NA,NA,NA,NA,NA,NA,NA,NA,NA,NA,NA,NA,NA,NA,NA,NA
259,15,0.5,D,,,,0,0,0,0,0,0,0,0,0,0,NA,NA,NA,NA,NA,NA,NA,NA,NA,NA,NA,NA,NA,NA,NA,NA,NA,NA,NA,NA,NA,NA,NA,NA,NA,NA,NA,NA,NA,NA,NA,NA,NA,NA,NA
260,15,0.5,D,,,,0,0,0,0,0,NA,NA,NA,NA,NA,NA,NA,NA,NA,NA,NA,NA,NA,NA,NA,NA,NA,NA,NA,NA,NA,NA,NA,NA,NA,NA,NA,NA,NA,NA,NA,NA,NA,NA,NA,NA,NA,NA,NA,NA
261,15,0.5,D,,1,,0,0,0,0,0,0,0,0,0,0,0,0,0,0,0,4,0,0,0,0,6,0,0,0,0,9,0,0,0,0,9,0,0,0,0,10,0,0,0,NA,NA,NA,NA,NA,NA
262,15,0.5,D,,1,,0,0,0,0,0,0,0,0,0,0,0,0,0,0,0,6,0,0,0,0,3,0,0,0,0,7,0,0,0,5,1,0,0,0,0,9,0,0,0,NA,NA,NA,NA,NA,NA
263,15,0.5,D,,1,,0,0,0,0,0,0,0,0,0,0,0,0,4,0,0,0,1,6,0,0,0,6,0,0,0,0,7,0,0,0,0,10,0,0,0,0,9,0,0,NA,NA,NA,NA,NA,NA
264,15,0.5,D,,1,,0,0,0,0,0,0,0,0,0,0,0,0,2,0,0,0,0,4,0,0,0,0,7,0,0,0,0,4,0,0,0,9,0,0,0,0,0,10,0,NA,NA,NA,NA,NA,NA
265,15,0.5,D,,,,0,0,0,0,0,0,NA,NA,NA,NA,NA,NA,NA,NA,NA,NA,NA,NA,NA,NA,NA,NA,NA,NA,NA,NA,NA,NA,NA,NA,NA,NA,NA,NA,NA,NA,NA,NA,NA,NA,NA,NA,NA,NA,NA
266,15,0.5,D,,1,,0,0,0,0,0,0,0,0,0,0,0,0,4,0,0,0,5,0,0,0,0,7,0,0,0,0,7,0,0,0,0,8,0,0,0,0,8,0,0,NA,NA,NA,NA,NA,NA
267,15,0.5,D,,1,,0,0,0,0,0,0,0,0,0,0,0,0,0,0,0,0,0,6,0,0,0,5,0,0,0,0,8,0,0,0,0,8,0,0,0,0,9,0,0,NA,NA,NA,NA,NA,NA
268,15,0.5,D,,1,,0,0,0,0,0,0,0,0,0,0,0,2,0,0,0,0,7,0,0,0,0,8,0,0,0,0,6,0,0,0,0,8,0,0,0,0,12,0,0,NA,NA,NA,NA,NA,NA
269,15,0.5,D,1,1,,0,0,0,0,0,0,0,0,0,0,0,0,0,0,0,0,1,0,0,0,0,0,NA,NA,NA,NA,NA,NA,NA,NA,NA,NA,NA,NA,NA,NA,NA,NA,NA,NA,NA,NA,NA,NA,NA
270,15,0.5,D,,,,0,0,0,NA,NA,NA,NA,NA,NA,NA,NA,NA,NA,NA,NA,NA,NA,NA,NA,NA,NA,NA,NA,NA,NA,NA,NA,NA,NA,NA,NA,NA,NA,NA,NA,NA,NA,NA,NA,NA,NA,NA,NA,NA,NA
271,15,1,D,,1,,0,0,0,0,0,0,0,0,0,0,0,0,0,0,0,5,0,0,1,0,6,0,0,0,0,6,0,0,0,8,0,0,0,0,0,10,0,0,0,0,4,0,0,0,NA
272,15,1,D,,1,,0,0,0,0,0,0,0,0,0,4,3,0,0,0,6,0,0,0,0,5,0,0,0,0,6,0,0,0,1,5,0,0,0,0,3,0,0,0,0,0,0,0,0,0,NA
273,15,1,D,,1,,0,0,0,0,0,0,0,0,0,0,4,0,0,0,6,0,0,0,0,7,0,0,0,0,6,0,0,0,0,6,0,0,0,0,6,0,0,0,0,0,1,0,0,0,NA
274,15,1,D,,1,,0,0,0,0,0,0,0,0,0,0,0,0,1,0,0,0,0,5,0,0,0,8,0,0,0,0,7,0,0,0,0,5,0,0,0,0,11,0,0,0,0,5,0,0,NA
275,15,1,D,,,1,0,0,0,0,0,0,0,0,0,0,5,0,0,0,0,3,0,0,0,0,8,0,0,0,0,6,0,0,0,0,2,0,NA,NA,NA,NA,NA,NA,NA,NA,NA,NA,NA,NA,NA
276,15,1,D,,1,,0,0,0,0,0,0,0,0,0,0,5,0,0,0,7,0,0,0,0,7,1,0,0,0,3,0,0,0,0,5,0,0,0,0,0,7,0,0,0,0,0,0,0,0,NA
277,15,1,D,1,1,,0,0,0,0,0,0,0,0,0,0,0,0,0,0,0,0,0,0,0,0,0,0,0,0,0,0,NA,NA,NA,NA,NA,NA,NA,NA,NA,NA,NA,NA,NA,NA,NA,NA,NA,NA,NA
278,15,1,D,,1,,0,0,0,0,0,0,0,0,0,4,0,0,0,0,6,0,0,0,0,6,0,0,0,0,7,0,0,0,0,7,0,0,0,0,6,0,0,0,0,0,0,0,0,0,NA
279,15,1,D,,1,,0,0,0,0,0,0,0,0,0,0,0,0,2,0,0,0,4,0,0,0,0,1,0,0,0,0,6,0,0,0,0,0,0,0,0,0,0,0,0,0,0,0,0,0,NA
280,15,1,D,,1,,0,0,0,0,0,0,0,0,0,0,2,0,0,0,0,5,0,0,0,6,0,0,0,0,6,0,0,0,0,4,0,0,0,0,6,0,0,0,0,0,2,0,0,0,NA
281,15,1,D,,,,0,0,0,0,0,0,0,0,0,0,2,0,0,0,0,6,0,0,0,0,2,0,0,0,0,7,0,0,0,1,6,0,0,0,0,9,0,0,0,0,6,NA,NA,NA,NA
282,15,1,D,,1,,0,0,0,0,0,0,0,0,0,4,0,0,0,0,5,1,0,0,0,5,0,0,0,0,6,0,0,0,0,6,0,0,0,0,0,8,0,0,0,0,0,0,0,0,NA
283,15,1,D,,1,,0,0,0,0,0,0,0,0,0,0,0,0,4,0,0,0,0,3,0,0,0,0,6,0,0,0,0,6,0,0,0,0,8,0,0,1,0,6,0,0,0,0,5,0,NA
284,15,1,D,,1,,0,0,0,0,0,0,0,0,0,0,6,0,0,0,0,8,0,0,0,0,8,0,1,0,0,6,0,0,0,0,7,0,0,0,0,9,0,0,0,0,5,0,0,0,NA
285,15,1,D,,,,0,0,0,0,0,0,0,0,0,0,4,0,0,0,0,8,0,1,0,3,1,0,0,0,6,0,0,0,0,6,0,0,0,0,0,7,0,0,0,0,0,0,NA,NA,NA
286,15,1,D,,1,,0,0,0,0,0,0,0,0,0,0,0,0,0,0,0,4,0,0,0,0,4,0,0,0,0,4,0,0,0,0,5,0,0,0,0,9,0,0,0,NA,NA,NA,NA,NA,NA
287,15,1,D,,,,0,NA,NA,NA,NA,NA,NA,NA,NA,NA,NA,NA,NA,NA,NA,NA,NA,NA,NA,NA,NA,NA,NA,NA,NA,NA,NA,NA,NA,NA,NA,NA,NA,NA,NA,NA,NA,NA,NA,NA,NA,NA,NA,NA,NA
288,15,1,D,,1,,0,0,0,0,0,0,0,0,0,2,0,0,0,0,3,0,0,0,0,6,0,0,0,0,3,0,0,0,0,3,0,0,0,0,0,0,0,0,0,NA,NA,NA,NA,NA,NA
289,15,1,D,,1,,0,0,0,0,0,0,0,0,0,0,4,0,0,0,0,4,0,0,0,0,6,0,0,0,0,3,0,0,0,1,7,0,0,0,0,3,0,0,0,NA,NA,NA,NA,NA,NA
290,15,1,D,,1,,0,0,0,0,0,0,0,0,0,5,0,0,0,0,6,0,0,0,0,5,0,0,1,0,4,0,0,0,0,4,0,0,0,0,5,0,0,0,0,NA,NA,NA,NA,NA,NA
291,15,1,D,,,,0,0,0,0,0,0,0,0,0,3,0,0,0,0,5,0,0,0,0,5,0,0,0,0,5,0,0,0,0,6,0,0,0,0,0,0,0,0,NA,NA,NA,NA,NA,NA,NA
292,15,1,D,,,,0,0,0,0,0,0,NA,NA,NA,NA,NA,NA,NA,NA,NA,NA,NA,NA,NA,NA,NA,NA,NA,NA,NA,NA,NA,NA,NA,NA,NA,NA,NA,NA,NA,NA,NA,NA,NA,NA,NA,NA,NA,NA,NA
293,15,1,D,,1,,0,0,0,0,0,0,0,0,0,2,0,0,0,0,4,0,0,0,0,4,0,0,0,0,4,0,0,0,0,0,0,0,0,0,0,3,0,0,0,NA,NA,NA,NA,NA,NA
294,15,1,D,,1,,0,0,0,0,0,0,0,0,0,5,0,0,0,0,6,0,0,0,0,7,0,0,0,0,5,0,0,0,0,3,0,0,0,0,5,0,0,0,0,NA,NA,NA,NA,NA,NA
295,15,1,D,,1,,0,0,0,0,0,0,0,0,0,0,4,0,0,0,0,6,0,0,0,0,0,0,0,0,0,4,0,0,0,0,7,0,0,0,0,8,0,0,0,NA,NA,NA,NA,NA,NA
296,15,1,D,,1,,0,0,0,0,0,0,0,0,0,0,5,0,0,0,0,4,0,0,0,0,4,0,0,0,0,4,0,0,0,0,3,0,0,0,0,6,0,0,0,NA,NA,NA,NA,NA,NA
297,15,1,D,,,,0,NA,NA,NA,NA,NA,NA,NA,NA,NA,NA,NA,NA,NA,NA,NA,NA,NA,NA,NA,NA,NA,NA,NA,NA,NA,NA,NA,NA,NA,NA,NA,NA,NA,NA,NA,NA,NA,NA,NA,NA,NA,NA,NA,NA
298,15,1,D,,1,,0,0,0,0,0,0,0,0,0,0,3,0,0,0,4,0,0,0,0,4,0,0,0,0,0,0,0,0,0,4,0,0,0,0,6,0,0,0,0,NA,NA,NA,NA,NA,NA
299,15,1,D,,,,0,0,0,0,0,0,0,0,0,0,0,0,0,0,5,0,0,0,0,5,0,0,0,0,5,0,0,0,0,0,0,0,0,0,0,0,0,0,0,0,0,NA,NA,NA,NA
300,15,1,D,,1,,0,0,0,0,0,0,0,0,0,0,3,1,0,0,0,0,0,0,0,0,5,0,0,0,0,5,0,0,0,0,5,0,0,0,0,5,0,0,NA,NA,NA,NA,NA,NA,NA
301,15,1,D,,,,0,0,0,0,0,0,0,0,0,5,0,0,0,0,6,0,0,0,0,7,0,0,0,0,0,5,0,0,0,0,0,0,0,0,0,0,0,0,0,NA,NA,NA,NA,NA,NA
302,15,1,D,,1,,0,0,0,0,0,0,0,0,0,0,2,0,0,0,3,0,0,0,0,4,0,0,0,0,2,0,0,0,0,4,0,0,0,0,5,0,0,0,NA,NA,NA,NA,NA,NA,NA
303,15,1,D,,,,0,0,0,0,0,0,0,0,0,4,0,0,0,4,0,0,0,0,6,0,0,0,0,5,0,0,0,0,0,0,0,0,0,0,NA,NA,NA,NA,NA,NA,NA,NA,NA,NA,NA
304,15,1,D,,,,0,0,0,0,0,0,0,0,0,0,2,0,0,0,0,4,0,0,0,0,5,0,0,0,0,4,0,0,0,0,0,0,0,0,0,0,0,0,0,0,0,0,NA,NA,NA
305,15,1,D,,,,0,0,0,0,0,NA,NA,NA,NA,NA,NA,NA,NA,NA,NA,NA,NA,NA,NA,NA,NA,NA,NA,NA,NA,NA,NA,NA,NA,NA,NA,NA,NA,NA,NA,NA,NA,NA,NA,NA,NA,NA,NA,NA,NA
306,15,1,D,,1,,0,0,0,0,0,0,0,0,0,4,2,0,0,0,4,0,0,0,0,5,0,0,0,0,4,0,0,0,6,0,0,0,0,2,0,0,0,0,0,NA,NA,NA,NA,NA,NA
307,15,1,D,,1,,0,0,0,0,0,0,0,0,0,0,0,3,0,0,0,0,5,0,0,0,0,3,0,0,0,0,0,0,0,0,6,0,0,0,0,0,0,0,0,NA,NA,NA,NA,NA,NA
308,15,1,D,,1,,0,0,0,0,0,0,0,0,0,4,0,0,0,0,4,0,0,0,0,5,0,0,0,4,0,0,0,0,4,0,0,0,0,9,0,0,0,0,0,NA,NA,NA,NA,NA,NA
309,15,1,D,,,,0,0,0,0,0,0,0,0,0,0,3,0,0,0,0,5,0,0,0,0,7,0,0,0,0,4,0,0,0,0,0,0,0,0,NA,NA,NA,NA,NA,NA,NA,NA,NA,NA,NA
310,15,1,D,,1,,0,0,0,0,0,0,0,0,0,1,0,0,0,4,0,0,0,0,6,0,0,0,0,6,0,0,0,0,4,0,0,0,5,2,0,0,0,10,0,NA,NA,NA,NA,NA,NA
311,15,1,D,,1,,0,0,0,0,0,0,0,0,0,0,4,0,0,0,0,7,0,0,0,5,0,0,0,0,5,1,0,0,0,4,0,0,0,0,4,0,0,0,0,NA,NA,NA,NA,NA,NA
312,15,1,D,,,,0,0,0,0,0,0,0,0,0,4,0,0,0,0,6,0,0,0,0,7,0,0,0,0,7,0,0,0,NA,NA,NA,NA,NA,NA,NA,NA,NA,NA,NA,NA,NA,NA,NA,NA,NA
313,15,1,D,,,,0,0,0,0,0,NA,NA,NA,NA,NA,NA,NA,NA,NA,NA,NA,NA,NA,NA,NA,NA,NA,NA,NA,NA,NA,NA,NA,NA,NA,NA,NA,NA,NA,NA,NA,NA,NA,NA,NA,NA,NA,NA,NA,NA
314,15,1,D,,1,,0,0,0,0,0,0,0,0,0,4,0,0,0,0,6,0,0,0,0,5,0,0,0,0,6,0,0,0,4,7,0,0,0,0,4,0,0,0,0,NA,NA,NA,NA,NA,NA
315,15,1,D,,,,0,0,0,0,0,0,0,0,4,0,0,0,0,6,0,0,0,0,7,0,0,0,0,8,0,0,0,0,0,0,0,0,0,0,0,0,0,0,NA,NA,NA,NA,NA,NA,NA
316,15,1,D,,1,,0,0,0,0,0,0,0,0,0,4,0,0,0,4,0,0,0,0,5,0,0,0,0,5,0,0,0,0,6,0,0,0,0,4,0,0,0,0,0,NA,NA,NA,NA,NA,NA
317,15,1,D,,1,,0,0,0,0,0,0,0,0,0,0,2,0,0,0,0,5,0,0,0,1,6,0,0,0,0,5,0,0,0,0,4,0,0,0,0,7,0,0,0,NA,NA,NA,NA,NA,NA
318,15,1,D,,,,0,0,0,0,0,0,0,0,0,4,0,0,0,0,5,0,0,0,0,5,0,0,0,0,4,0,0,0,0,0,0,0,0,0,0,0,0,0,0,0,NA,NA,NA,NA,NA
319,15,1,D,,1,,0,0,0,0,0,0,0,0,0,0,0,0,0,0,6,0,0,0,0,4,0,0,0,0,4,0,0,0,0,4,0,0,0,0,6,0,0,0,0,NA,NA,NA,NA,NA,NA
320,15,1,D,,,,1,0,0,0,0,0,0,0,0,0,4,0,0,0,0,4,0,0,0,0,7,0,0,0,0,5,0,0,0,0,0,0,0,0,0,0,0,0,0,NA,NA,NA,NA,NA,NA
321,15,1,D,,,,0,0,0,0,0,0,0,0,0,0,4,0,0,0,0,4,0,0,0,0,7,0,0,0,0,5,0,0,0,0,0,0,0,0,0,0,0,0,0,0,0,0,NA,NA,NA
322,15,1,D,,1,,0,0,0,0,0,0,0,0,0,0,4,0,0,0,0,7,0,0,0,0,7,0,0,0,0,5,0,0,0,0,7,0,0,0,0,7,0,0,0,NA,NA,NA,NA,NA,NA
323,15,1,D,,1,,0,0,0,0,0,0,0,0,0,0,2,0,0,0,0,5,0,0,0,0,5,0,0,0,5,0,0,0,0,8,0,0,0,0,8,0,0,0,0,NA,NA,NA,NA,NA,NA
324,15,1,D,,,,0,0,0,0,0,0,0,0,0,4,0,0,0,0,6,0,0,0,0,6,0,0,0,2,4,0,0,0,0,0,0,0,0,0,0,0,0,0,0,0,0,0,0,NA,NA
325,15,1,D,,1,,0,0,0,0,0,0,0,0,0,2,0,0,0,0,6,0,0,0,0,5,0,0,0,0,0,0,0,0,0,4,0,0,0,0,6,0,0,0,0,NA,NA,NA,NA,NA,NA
326,15,1,D,,1,,0,0,0,0,0,0,0,0,0,0,4,0,0,0,0,6,0,0,0,0,6,0,0,0,0,5,0,0,0,0,5,0,0,0,0,7,0,0,0,NA,NA,NA,NA,NA,NA
327,15,1,D,,1,,0,0,0,0,0,0,0,0,0,0,4,0,0,0,0,5,0,0,0,0,6,0,0,0,0,5,0,0,0,5,1,0,0,0,0,5,0,0,0,NA,NA,NA,NA,NA,NA
328,15,1,D,,,,0,0,0,0,0,0,0,0,0,5,0,0,0,0,6,0,0,0,0,8,0,0,0,0,5,0,0,0,0,0,0,0,0,NA,NA,NA,NA,NA,NA,NA,NA,NA,NA,NA,NA
329,15,1,D,,1,,0,0,0,0,0,0,0,0,0,0,4,0,0,0,5,0,0,0,0,6,0,0,0,0,5,0,0,0,0,5,0,0,0,0,8,0,0,0,0,NA,NA,NA,NA,NA,NA
330,15,1,D,,1,,0,0,0,0,0,0,0,0,0,0,3,0,0,0,0,5,0,0,0,0,5,0,0,0,0,5,0,0,0,0,7,0,0,0,0,5,0,0,0,NA,NA,NA,NA,NA,NA
331,20,0.1,D,,,,0,0,0,0,0,5,0,0,3,0,0,4,0,0,6,0,0,6,0,0,6,0,0,4,0,0,5,0,0,5,0,0,0,5,0,0,5,0,0,0,0,NA,NA,NA,NA
332,20,0.1,D,,,,0,0,0,0,2,0,0,5,0,0,4,0,0,5,0,0,5,0,0,5,1,0,6,0,0,3,0,0,0,0,0,5,0,1,4,0,0,0,1,0,NA,NA,NA,NA,NA
333,20,0.1,D,,,,0,0,0,0,4,0,0,5,0,0,5,0,0,5,0,0,6,0,0,5,0,0,0,6,0,0,4,0,0,5,0,0,5,0,0,5,0,0,5,0,0,0,4,NA,NA
334,20,0.1,D,,,,0,0,0,0,4,0,0,4,0,0,4,0,0,0,5,0,5,0,0,0,5,0,0,6,0,0,6,0,0,4,0,0,6,0,0,5,0,0,0,6,0,0,3,0,NA
335,20,0.1,D,,,,0,0,0,0,0,3,0,0,3,0,0,3,0,0,4,0,0,4,0,0,NA,NA,NA,NA,NA,NA,NA,NA,NA,NA,NA,NA,NA,NA,NA,NA,NA,NA,NA,NA,NA,NA,NA,NA,NA
336,20,0.1,D,,,,0,0,0,0,0,2,0,0,2,0,0,4,0,0,4,0,0,6,0,0,4,0,0,5,0,0,6,0,0,4,0,0,4,0,1,2,0,NA,NA,NA,NA,NA,NA,NA,NA
337,20,0.1,D,,,1,0,0,0,0,0,4,0,0,4,0,0,4,0,0,NA,NA,NA,NA,NA,NA,NA,NA,NA,NA,NA,NA,NA,NA,NA,NA,NA,NA,NA,NA,NA,NA,NA,NA,NA,NA,NA,NA,NA,NA,NA
338,20,0.1,D,,,,0,0,0,0,4,0,0,2,0,0,0,4,0,0,4,0,0,5,0,0,5,0,0,0,0,0,5,0,0,3,0,0,6,0,0,5,0,0,0,4,0,0,4,0,NA
339,20,0.1,D,,,,0,0,0,0,4,0,0,3,0,0,5,NA,NA,NA,NA,NA,NA,NA,NA,NA,NA,NA,NA,NA,NA,NA,NA,NA,NA,NA,NA,NA,NA,NA,NA,NA,NA,NA,NA,NA,NA,NA,NA,NA,NA
340,20,0.1,D,,,,0,0,0,0,0,4,0,0,4,0,0,3,0,0,3,0,0,4,0,0,5,0,0,6,0,0,5,0,0,2,0,0,5,0,0,4,0,0,0,5,0,0,0,NA,NA
341,20,0.1,D,,,,0,0,0,0,0,0,0,0,0,0,0,0,0,4,0,0,5,0,0,5,0,0,5,0,0,6,0,0,4,0,0,5,0,0,3,0,0,0,4,0,0,3,NA,NA,NA
342,20,0.1,D,1,1,,0,0,0,0,0,0,0,0,0,0,0,0,0,0,0,0,0,0,0,0,0,0,NA,NA,NA,NA,NA,NA,NA,NA,NA,NA,NA,NA,NA,NA,NA,NA,NA,NA,NA,NA,NA,NA,NA
343,20,0.1,D,,,,0,0,0,0,0,2,0,0,4,0,0,3,0,0,4,1,0,6,0,0,5,0,0,0,1,0,4,0,0,0,4,0,0,6,0,0,4,0,0,5,0,0,3,0,NA
344,20,0.1,D,,,,0,0,0,0,0,3,0,0,5,0,0,4,0,0,6,0,0,6,0,0,6,0,0,5,0,1,5,0,0,3,0,0,6,0,0,5,0,0,5,0,0,0,3,0,NA
345,20,0.1,D,,,,0,0,0,0,4,0,0,3,0,0,4,0,0,4,0,0,5,0,0,0,5,0,0,6,0,0,5,0,0,2,0,0,4,0,0,3,0,0,5,0,0,0,4,0,NA
346,20,0.1,D,,,,0,0,0,0,0,1,0,0,3,0,0,4,0,0,2,0,0,0,0,0,NA,NA,NA,NA,NA,NA,NA,NA,NA,NA,NA,NA,NA,NA,NA,NA,NA,NA,NA,NA,NA,NA,NA,NA,NA
347,20,0.1,D,,,,0,0,0,0,0,4,0,0,3,0,0,5,0,0,3,0,0,0,0,0,0,NA,NA,NA,NA,NA,NA,NA,NA,NA,NA,NA,NA,NA,NA,NA,NA,NA,NA,NA,NA,NA,NA,NA,NA
348,20,0.1,D,,,,0,0,0,0,0,0,0,0,0,0,0,0,0,0,NA,NA,NA,NA,NA,NA,NA,NA,NA,NA,NA,NA,NA,NA,NA,NA,NA,NA,NA,NA,NA,NA,NA,NA,NA,NA,NA,NA,NA,NA,NA
349,20,0.1,D,,,,0,0,0,0,0,0,0,4,0,0,3,0,0,0,0,0,0,0,0,0,0,0,0,NA,NA,NA,NA,NA,NA,NA,NA,NA,NA,NA,NA,NA,NA,NA,NA,NA,NA,NA,NA,NA,NA
350,20,0.1,D,,,,0,0,0,0,0,3,0,0,2,0,0,2,0,0,3,0,0,0,0,NA,NA,NA,NA,NA,NA,NA,NA,NA,NA,NA,NA,NA,NA,NA,NA,NA,NA,NA,NA,NA,NA,NA,NA,NA,NA
351,20,0.1,D,,,,0,0,0,0,0,0,3,0,0,4,0,0,4,0,0,0,3,0,0,0,0,0,NA,NA,NA,NA,NA,NA,NA,NA,NA,NA,NA,NA,NA,NA,NA,NA,NA,NA,NA,NA,NA,NA,NA
352,20,0.1,D,,,,0,0,0,0,0,3,0,0,4,0,0,3,0,0,2,0,0,0,0,0,NA,NA,NA,NA,NA,NA,NA,NA,NA,NA,NA,NA,NA,NA,NA,NA,NA,NA,NA,NA,NA,NA,NA,NA,NA
353,20,0.1,D,,,,0,0,0,0,2,0,0,3,0,0,2,0,0,2,0,0,0,0,0,0,NA,NA,NA,NA,NA,NA,NA,NA,NA,NA,NA,NA,NA,NA,NA,NA,NA,NA,NA,NA,NA,NA,NA,NA,NA
354,20,0.1,D,,,,0,0,0,0,0,0,0,0,3,0,0,4,0,0,1,0,0,0,NA,NA,NA,NA,NA,NA,NA,NA,NA,NA,NA,NA,NA,NA,NA,NA,NA,NA,NA,NA,NA,NA,NA,NA,NA,NA,NA
355,20,0.1,D,,,,0,0,0,0,0,2,0,0,3,0,0,3,0,0,3,0,0,0,0,0,NA,NA,NA,NA,NA,NA,NA,NA,NA,NA,NA,NA,NA,NA,NA,NA,NA,NA,NA,NA,NA,NA,NA,NA,NA
356,20,0.1,D,,,,0,0,0,0,0,4,0,0,2,0,0,5,0,0,3,0,0,0,0,0,0,NA,NA,NA,NA,NA,NA,NA,NA,NA,NA,NA,NA,NA,NA,NA,NA,NA,NA,NA,NA,NA,NA,NA,NA
357,20,0.1,D,1,,,0,0,0,0,0,0,0,0,0,0,0,NA,NA,NA,NA,NA,NA,NA,NA,NA,NA,NA,NA,NA,NA,NA,NA,NA,NA,NA,NA,NA,NA,NA,NA,NA,NA,NA,NA,NA,NA,NA,NA,NA,NA
358,20,0.1,D,1,1,,0,0,0,0,0,2,0,0,0,0,0,0,0,0,0,0,0,0,0,0,0,NA,NA,NA,NA,NA,NA,NA,NA,NA,NA,NA,NA,NA,NA,NA,NA,NA,NA,NA,NA,NA,NA,NA,NA
359,20,0.1,D,1,,,0,0,0,0,0,0,0,0,0,0,0,0,0,0,0,NA,NA,NA,NA,NA,NA,NA,NA,NA,NA,NA,NA,NA,NA,NA,NA,NA,NA,NA,NA,NA,NA,NA,NA,NA,NA,NA,NA,NA,NA
360,20,0.1,D,,,,0,0,0,0,0,0,0,4,0,0,NA,NA,NA,NA,NA,NA,NA,NA,NA,NA,NA,NA,NA,NA,NA,NA,NA,NA,NA,NA,NA,NA,NA,NA,NA,NA,NA,NA,NA,NA,NA,NA,NA,NA,NA
361,20,0.1,D,,1,,0,0,0,0,3,0,0,2,0,0,4,0,0,4,0,0,5,0,0,5,0,0,4,0,0,4,0,0,4,0,0,4,0,0,3,0,0,0,0,0,NA,NA,NA,NA,NA
362,20,0.1,D,,,,0,0,0,0,0,2,0,0,3,0,0,4,0,0,2,0,0,0,0,0,NA,NA,NA,NA,NA,NA,NA,NA,NA,NA,NA,NA,NA,NA,NA,NA,NA,NA,NA,NA,NA,NA,NA,NA,NA
363,20,0.1,D,,,,0,0,0,0,0,2,0,0,4,0,0,4,0,0,0,NA,NA,NA,NA,NA,NA,NA,NA,NA,NA,NA,NA,NA,NA,NA,NA,NA,NA,NA,NA,NA,NA,NA,NA,NA,NA,NA,NA,NA,NA
364,20,0.1,D,,,,0,0,0,0,0,0,0,0,0,2,0,0,2,0,0,1,0,0,0,0,NA,NA,NA,NA,NA,NA,NA,NA,NA,NA,NA,NA,NA,NA,NA,NA,NA,NA,NA,NA,NA,NA,NA,NA,NA
366,20,0.1,D,,1,,0,0,0,0,0,3,0,0,4,0,0,4,0,0,3,0,0,0,0,0,0,0,3,0,0,5,0,0,5,0,0,5,0,0,0,3,0,0,0,NA,NA,NA,NA,NA,NA
365,20,0.1,D,,,,0,0,0,0,0,1,0,3,0,0,4,0,0,6,0,0,3,0,0,5,0,NA,NA,NA,NA,NA,NA,NA,NA,NA,NA,NA,NA,NA,NA,NA,NA,NA,NA,NA,NA,NA,NA,NA,NA
367,20,0.1,D,,,,0,0,0,0,0,4,0,NA,NA,NA,NA,NA,NA,NA,NA,NA,NA,NA,NA,NA,NA,NA,NA,NA,NA,NA,NA,NA,NA,NA,NA,NA,NA,NA,NA,NA,NA,NA,NA,NA,NA,NA,NA,NA,NA
368,20,0.1,D,1,,,0,0,0,0,0,0,0,0,0,0,0,0,0,0,NA,NA,NA,NA,NA,NA,NA,NA,NA,NA,NA,NA,NA,NA,NA,NA,NA,NA,NA,NA,NA,NA,NA,NA,NA,NA,NA,NA,NA,NA,NA
369,20,0.1,D,,,,0,0,0,0,0,2,0,0,4,0,0,4,0,0,2,0,0,0,0,0,NA,NA,NA,NA,NA,NA,NA,NA,NA,NA,NA,NA,NA,NA,NA,NA,NA,NA,NA,NA,NA,NA,NA,NA,NA
370,20,0.1,D,,,,0,0,0,0,0,2,0,0,2,0,0,4,0,0,3,1,0,0,0,0,NA,NA,NA,NA,NA,NA,NA,NA,NA,NA,NA,NA,NA,NA,NA,NA,NA,NA,NA,NA,NA,NA,NA,NA,NA
371,20,0.1,D,,,,0,0,0,0,0,2,0,0,3,0,0,4,0,0,NA,NA,NA,NA,NA,NA,NA,NA,NA,NA,NA,NA,NA,NA,NA,NA,NA,NA,NA,NA,NA,NA,NA,NA,NA,NA,NA,NA,NA,NA,NA
372,20,0.1,D,,,,0,0,0,0,0,0,3,0,0,4,0,0,3,0,0,1,0,0,0,0,NA,NA,NA,NA,NA,NA,NA,NA,NA,NA,NA,NA,NA,NA,NA,NA,NA,NA,NA,NA,NA,NA,NA,NA,NA
373,20,0.1,D,,,,0,0,0,0,0,0,0,0,0,0,0,0,0,NA,NA,NA,NA,NA,NA,NA,NA,NA,NA,NA,NA,NA,NA,NA,NA,NA,NA,NA,NA,NA,NA,NA,NA,NA,NA,NA,NA,NA,NA,NA,NA
374,20,0.1,D,,,,0,0,0,0,0,0,0,0,0,0,0,0,0,NA,NA,NA,NA,NA,NA,NA,NA,NA,NA,NA,NA,NA,NA,NA,NA,NA,NA,NA,NA,NA,NA,NA,NA,NA,NA,NA,NA,NA,NA,NA,NA
375,20,0.1,D,,,,0,0,0,0,0,3,0,0,3,0,0,4,0,0,0,0,0,0,0,0,NA,NA,NA,NA,NA,NA,NA,NA,NA,NA,NA,NA,NA,NA,NA,NA,NA,NA,NA,NA,NA,NA,NA,NA,NA
376,20,0.5,D,,,,0,0,0,0,0,2,0,0,5,0,0,6,0,0,0,0,8,0,0,10,0,0,9,0,0,9,0,0,13,0,0,14,0,0,12,0,0,12,0,0,14,0,NA,NA,NA
377,20,0.5,D,,,,0,0,0,0,0,0,0,0,4,0,0,1,0,0,7,0,1,8,0,0,9,0,0,1,0,11,0,0,12,0,0,14,0,0,2,0,0,14,0,0,14,0,NA,NA,NA
378,20,0.5,D,,,1,0,0,0,0,0,0,NA,NA,NA,NA,NA,NA,NA,NA,NA,NA,NA,NA,NA,NA,NA,NA,NA,NA,NA,NA,NA,NA,NA,NA,NA,NA,NA,NA,NA,NA,NA,NA,NA,NA,NA,NA,NA,NA,NA
379,20,0.5,D,,,,0,0,0,0,0,2,0,0,6,0,0,7,0,0,5,0,0,7,0,0,11,0,0,10,0,0,12,0,0,11,0,0,15,0,0,13,0,0,11,0,0,7,0,0,NA
380,20,0.5,D,,,,0,0,0,0,0,4,0,0,7,0,0,7,0,0,7,0,0,0,0,0,0,0,0,11,0,0,11,0,0,10,0,0,11,0,0,11,0,0,12,0,0,13,0,0,NA
381,20,0.5,D,1,1,,0,0,0,0,0,0,0,0,0,0,0,0,0,0,1,0,0,0,0,0,0,0,NA,NA,NA,NA,NA,NA,NA,NA,NA,NA,NA,NA,NA,NA,NA,NA,NA,NA,NA,NA,NA,NA,NA
382,20,0.5,D,,1,,0,0,0,0,0,0,0,0,0,0,0,2,0,7,7,0,5,0,0,4,0,0,10,0,0,9,0,0,0,0,0,14,0,0,10,0,0,10,0,0,9,0,0,0,NA
383,20,0.5,D,,,,0,0,0,0,0,3,0,0,7,0,7,0,0,6,NA,NA,NA,NA,NA,NA,NA,NA,NA,NA,NA,NA,NA,NA,NA,NA,NA,NA,NA,NA,NA,NA,NA,NA,NA,NA,NA,NA,NA,NA,NA
384,20,0.5,D,,,,0,0,0,0,0,1,0,4,0,0,7,0,0,5,0,0,6,0,0,8,0,0,8,0,0,9,1,0,11,1,0,11,0,0,10,0,0,9,0,0,7,0,NA,NA,NA
385,20,0.5,D,,,,0,0,0,0,0,0,5,0,0,7,0,0,7,0,0,NA,NA,NA,NA,NA,NA,NA,NA,NA,NA,NA,NA,NA,NA,NA,NA,NA,NA,NA,NA,NA,NA,NA,NA,NA,NA,NA,NA,NA,NA
386,20,0.5,D,,,,0,0,0,0,0,2,0,0,5,0,0,8,0,5,0,NA,NA,NA,NA,NA,NA,NA,NA,NA,NA,NA,NA,NA,NA,NA,NA,NA,NA,NA,NA,NA,NA,NA,NA,NA,NA,NA,NA,NA,NA
387,20,0.5,D,,1,,0,0,0,0,0,0,0,0,5,0,7,0,0,0,0,0,7,0,0,8,0,0,9,0,0,11,0,0,11,0,0,10,0,0,12,0,0,6,0,0,0,6,0,0,NA
388,20,0.5,D,,,,0,0,NA,NA,NA,NA,NA,NA,NA,NA,NA,NA,NA,NA,NA,NA,NA,NA,NA,NA,NA,NA,NA,NA,NA,NA,NA,NA,NA,NA,NA,NA,NA,NA,NA,NA,NA,NA,NA,NA,NA,NA,NA,NA,NA
389,20,0.5,D,1,1,,0,0,0,0,0,0,0,1,0,0,0,0,0,0,0,0,0,0,0,0,0,0,NA,NA,NA,NA,NA,NA,NA,NA,NA,NA,NA,NA,NA,NA,NA,NA,NA,NA,NA,NA,NA,NA,NA
390,20,0.5,D,,1,,0,0,0,0,3,0,0,8,0,0,6,0,0,6,6,0,7,0,0,8,0,0,11,0,0,13,0,0,15,0,0,14,0,0,0,14,0,1,10,0,0,13,0,0,NA
391,20,0.5,D,,1,,0,0,0,0,0,0,0,4,0,0,0,1,0,3,3,0,8,0,0,8,0,7,0,0,10,0,0,9,0,0,11,0,0,9,0,0,10,0,0,0,0,0,0,0,NA
392,20,0.5,D,,,,0,0,0,0,0,0,0,0,0,1,4,0,0,NA,NA,NA,NA,NA,NA,NA,NA,NA,NA,NA,NA,NA,NA,NA,NA,NA,NA,NA,NA,NA,NA,NA,NA,NA,NA,NA,NA,NA,NA,NA,NA
393,20,0.5,D,,,,0,0,0,0,0,0,0,0,0,0,0,0,0,0,0,0,NA,NA,NA,NA,NA,NA,NA,NA,NA,NA,NA,NA,NA,NA,NA,NA,NA,NA,NA,NA,NA,NA,NA,NA,NA,NA,NA,NA,NA
394,20,0.5,D,,,,0,0,0,0,0,0,0,1,0,0,0,3,0,0,5,0,6,0,0,7,0,NA,NA,NA,NA,NA,NA,NA,NA,NA,NA,NA,NA,NA,NA,NA,NA,NA,NA,NA,NA,NA,NA,NA,NA
395,20,0.5,D,,,,0,0,0,0,0,2,0,4,0,0,8,0,0,5,0,0,0,0,0,0,0,0,NA,NA,NA,NA,NA,NA,NA,NA,NA,NA,NA,NA,NA,NA,NA,NA,NA,NA,NA,NA,NA,NA,NA
396,20,0.5,D,,,,0,0,0,0,0,0,0,0,0,0,0,0,0,4,0,0,NA,NA,NA,NA,NA,NA,NA,NA,NA,NA,NA,NA,NA,NA,NA,NA,NA,NA,NA,NA,NA,NA,NA,NA,NA,NA,NA,NA,NA
397,20,0.5,D,,1,,0,0,0,0,0,2,0,0,0,0,0,6,0,0,8,0,0,6,0,10,0,0,9,0,0,11,0,0,14,0,0,10,0,0,8,0,0,8,0,NA,NA,NA,NA,NA,NA
398,20,0.5,D,,,,0,0,0,0,0,0,0,0,6,0,0,0,0,0,0,0,0,0,0,0,0,0,0,0,0,NA,NA,NA,NA,NA,NA,NA,NA,NA,NA,NA,NA,NA,NA,NA,NA,NA,NA,NA,NA
399,20,0.5,D,1,,,0,0,0,0,0,0,0,0,0,0,0,0,0,1,0,NA,NA,NA,NA,NA,NA,NA,NA,NA,NA,NA,NA,NA,NA,NA,NA,NA,NA,NA,NA,NA,NA,NA,NA,NA,NA,NA,NA,NA,NA
400,20,0.5,D,,1,,0,0,0,0,0,2,0,0,2,0,0,4,0,5,0,0,0,0,0,2,0,0,10,0,0,11,0,0,11,0,0,11,0,0,14,0,0,12,0,NA,NA,NA,NA,NA,NA
401,20,0.5,D,,1,,0,0,0,0,0,0,0,0,0,2,0,0,6,0,0,8,0,0,7,0,8,0,0,9,0,0,13,0,0,12,0,0,13,0,1,12,0,0,0,NA,NA,NA,NA,NA,NA
402,20,0.5,D,,1,,0,0,0,0,0,0,0,3,0,0,8,2,0,5,0,8,0,0,6,0,0,12,0,0,12,0,0,10,0,10,0,0,13,0,0,14,0,0,0,NA,NA,NA,NA,NA,NA
403,20,0.5,D,1,1,,0,0,0,0,0,0,0,0,0,0,0,0,0,0,0,0,0,0,0,0,0,0,NA,NA,NA,NA,NA,NA,NA,NA,NA,NA,NA,NA,NA,NA,NA,NA,NA,NA,NA,NA,NA,NA,NA
404,20,0.5,D,,,,0,0,0,0,0,1,0,0,0,0,3,1,0,0,NA,NA,NA,NA,NA,NA,NA,NA,NA,NA,NA,NA,NA,NA,NA,NA,NA,NA,NA,NA,NA,NA,NA,NA,NA,NA,NA,NA,NA,NA,NA
405,20,0.5,D,,,,0,0,0,0,0,2,0,0,4,2,0,5,0,0,3,0,NA,NA,NA,NA,NA,NA,NA,NA,NA,NA,NA,NA,NA,NA,NA,NA,NA,NA,NA,NA,NA,NA,NA,NA,NA,NA,NA,NA,NA
406,20,0.5,D,1,1,,0,0,0,0,0,0,0,0,0,1,0,0,0,0,0,0,0,0,0,0,0,0,NA,NA,NA,NA,NA,NA,NA,NA,NA,NA,NA,NA,NA,NA,NA,NA,NA,NA,NA,NA,NA,NA,NA
407,20,0.5,D,,,,0,0,0,0,0,1,0,0,3,0,0,6,NA,NA,NA,NA,NA,NA,NA,NA,NA,NA,NA,NA,NA,NA,NA,NA,NA,NA,NA,NA,NA,NA,NA,NA,NA,NA,NA,NA,NA,NA,NA,NA,NA
408,20,0.5,D,,,,0,0,0,0,0,2,0,0,6,0,0,6,0,0,NA,NA,NA,NA,NA,NA,NA,NA,NA,NA,NA,NA,NA,NA,NA,NA,NA,NA,NA,NA,NA,NA,NA,NA,NA,NA,NA,NA,NA,NA,NA
409,20,0.5,D,,1,,0,0,0,0,0,0,0,0,4,0,0,6,0,0,7,0,0,6,0,8,0,0,10,0,0,12,0,0,13,1,0,11,0,0,12,0,0,13,0,NA,NA,NA,NA,NA,NA
410,20,0.5,D,,1,,0,0,0,0,0,0,0,0,0,2,0,3,0,0,4,0,0,0,0,0,9,0,9,0,0,9,0,0,12,1,0,12,0,0,10,0,0,11,0,NA,NA,NA,NA,NA,NA
411,20,0.5,D,,,,0,0,0,0,0,3,0,0,4,0,0,6,0,0,5,0,NA,NA,NA,NA,NA,NA,NA,NA,NA,NA,NA,NA,NA,NA,NA,NA,NA,NA,NA,NA,NA,NA,NA,NA,NA,NA,NA,NA,NA
412,20,0.5,D,,1,,0,0,0,0,0,0,0,0,4,0,0,6,0,0,6,0,5,0,0,9,0,0,8,0,0,12,0,0,12,0,0,13,0,0,13,0,0,14,0,NA,NA,NA,NA,NA,NA
413,20,0.5,D,,,,0,0,0,0,0,3,0,0,7,0,0,8,0,0,0,0,0,0,0,0,0,0,NA,NA,NA,NA,NA,NA,NA,NA,NA,NA,NA,NA,NA,NA,NA,NA,NA,NA,NA,NA,NA,NA,NA
414,20,0.5,D,,,,0,0,0,0,0,3,0,0,5,0,0,7,0,NA,NA,NA,NA,NA,NA,NA,NA,NA,NA,NA,NA,NA,NA,NA,NA,NA,NA,NA,NA,NA,NA,NA,NA,NA,NA,NA,NA,NA,NA,NA,NA
415,20,0.5,D,1,1,,0,0,0,0,0,0,0,0,0,0,0,0,0,0,0,0,0,0,0,0,0,0,NA,NA,NA,NA,NA,NA,NA,NA,NA,NA,NA,NA,NA,NA,NA,NA,NA,NA,NA,NA,NA,NA,NA
416,20,0.5,D,,,,0,0,0,0,0,0,2,0,5,0,0,8,0,0,0,1,NA,NA,NA,NA,NA,NA,NA,NA,NA,NA,NA,NA,NA,NA,NA,NA,NA,NA,NA,NA,NA,NA,NA,NA,NA,NA,NA,NA,NA
417,20,0.5,D,1,,,0,0,0,0,0,0,0,0,0,0,0,0,0,NA,NA,NA,NA,NA,NA,NA,NA,NA,NA,NA,NA,NA,NA,NA,NA,NA,NA,NA,NA,NA,NA,NA,NA,NA,NA,NA,NA,NA,NA,NA,NA
418,20,0.5,D,,,,0,0,0,0,0,0,2,0,0,3,0,0,1,0,0,0,0,0,0,0,NA,NA,NA,NA,NA,NA,NA,NA,NA,NA,NA,NA,NA,NA,NA,NA,NA,NA,NA,NA,NA,NA,NA,NA,NA
419,20,0.5,D,,1,,0,0,0,0,0,0,0,1,0,0,5,0,0,6,0,0,8,0,11,0,0,9,0,0,6,0,0,9,0,0,11,0,0,13,0,0,10,0,0,NA,NA,NA,NA,NA,NA
420,20,0.5,D,,1,,0,0,0,0,0,0,0,4,0,0,6,0,0,8,0,0,7,0,0,7,0,0,10,0,0,11,0,0,13,0,12,0,0,9,0,0,12,0,0,NA,NA,NA,NA,NA,NA
421,20,1,D,1,1,,0,0,0,0,0,0,0,0,0,0,0,0,0,0,0,0,0,0,0,0,0,0,NA,NA,NA,NA,NA,NA,NA,NA,NA,NA,NA,NA,NA,NA,NA,NA,NA,NA,NA,NA,NA,NA,NA
422,20,1,D,,1,,0,0,0,4,0,0,8,0,0,13,0,0,13,0,0,14,0,0,12,0,0,0,0,0,13,0,0,15,0,0,14,0,12,1,0,14,0,0,16,0,0,0,13,0,NA
423,20,1,D,,,,0,0,0,0,0,1,0,5,2,0,8,0,0,8,0,0,9,0,0,8,0,0,13,0,0,13,0,0,15,0,0,11,0,0,12,0,0,17,0,0,14,NA,NA,NA,NA
424,20,1,D,,,,0,0,0,0,3,0,6,1,0,10,0,0,0,0,0,4,0,0,10,0,0,13,0,0,17,0,0,13,0,0,5,0,0,14,0,0,16,0,0,15,0,0,18,NA,NA
425,20,1,D,,1,,0,0,0,0,4,0,0,7,0,0,10,0,0,10,0,10,0,0,0,10,0,10,0,0,13,0,0,0,0,0,19,0,0,17,0,0,13,0,0,15,0,0,10,0,NA
426,20,1,D,,1,,0,0,0,0,0,4,0,0,8,0,6,0,0,8,0,0,8,0,0,11,0,0,14,0,0,14,0,13,18,0,0,15,0,0,16,0,0,13,0,0,16,0,0,0,NA
427,20,1,D,,,,0,0,0,0,3,0,0,8,0,0,12,0,0,7,0,7,0,0,0,8,0,0,13,0,0,14,0,0,12,0,13,0,0,0,16,0,0,16,0,0,11,NA,NA,NA,NA
428,20,1,D,,,,0,0,0,0,4,0,0,6,0,0,7,0,0,10,0,10,0,0,11,0,0,16,0,0,17,0,0,16,0,0,16,0,0,13,0,0,15,0,0,17,0,0,16,NA,NA
429,20,1,D,,,,0,0,0,0,1,0,0,7,0,0,0,9,0,10,0,5,0,0,7,0,0,15,0,0,19,0,0,17,0,0,15,1,0,15,0,0,15,0,0,15,0,0,14,NA,NA
430,20,1,D,,1,,0,0,0,0,4,0,8,0,0,9,0,0,12,0,0,9,0,0,12,0,0,15,0,0,16,0,0,15,0,0,16,0,0,19,0,0,14,0,0,0,14,0,0,0,NA
431,20,1,D,,1,,0,0,0,0,3,0,0,4,0,12,0,0,9,0,0,8,0,0,11,0,0,14,0,0,13,0,0,13,0,0,2,0,0,16,0,0,14,0,0,14,0,0,12,0,NA
432,20,1,D,1,,1,0,0,0,0,0,0,0,0,0,0,0,0,0,0,NA,NA,NA,NA,NA,NA,NA,NA,NA,NA,NA,NA,NA,NA,NA,NA,NA,NA,NA,NA,NA,NA,NA,NA,NA,NA,NA,NA,NA,NA,NA
433,20,1,D,,,,0,0,0,0,4,0,0,7,0,6,1,0,8,0,0,12,0,0,12,0,0,14,0,0,13,0,0,11,0,0,16,0,0,12,0,NA,NA,NA,NA,NA,NA,NA,NA,NA,NA
434,20,1,D,,1,,0,0,0,0,4,0,0,6,0,0,8,0,0,10,0,4,0,0,0,0,0,3,0,0,3,0,0,7,0,0,3,0,0,18,0,0,16,0,0,14,0,0,9,0,NA
435,20,1,D,1,1,,0,0,0,0,0,0,0,2,0,0,0,0,0,0,0,0,0,0,0,0,0,0,NA,NA,NA,NA,NA,NA,NA,NA,NA,NA,NA,NA,NA,NA,NA,NA,NA,NA,NA,NA,NA,NA,NA
436,20,1,D,,1,,0,0,0,0,0,0,0,5,0,0,10,0,0,9,0,8,0,0,12,0,0,16,0,0,8,0,0,11,0,0,16,0,0,15,0,0,13,0,0,NA,NA,NA,NA,NA,NA
437,20,1,D,,1,,0,0,0,0,0,4,0,0,6,0,1,9,0,0,10,0,10,0,0,13,0,0,15,0,0,13,0,0,15,0,0,16,0,1,14,0,0,11,0,NA,NA,NA,NA,NA,NA
438,20,1,D,,1,,0,0,0,0,0,1,0,0,4,0,0,7,0,2,6,0,9,0,0,10,0,0,13,0,0,10,0,0,12,0,0,16,0,0,11,0,0,0,0,NA,NA,NA,NA,NA,NA
439,20,1,D,,,,0,0,0,0,3,0,0,5,0,0,8,0,0,5,0,0,0,NA,NA,NA,NA,NA,NA,NA,NA,NA,NA,NA,NA,NA,NA,NA,NA,NA,NA,NA,NA,NA,NA,NA,NA,NA,NA,NA,NA
440,20,1,D,,,,0,0,0,0,0,0,0,6,0,0,6,NA,NA,NA,NA,NA,NA,NA,NA,NA,NA,NA,NA,NA,NA,NA,NA,NA,NA,NA,NA,NA,NA,NA,NA,NA,NA,NA,NA,NA,NA,NA,NA,NA,NA
441,20,1,D,,1,,0,0,0,0,0,0,4,0,6,0,0,10,0,0,8,0,0,10,0,0,10,0,0,14,0,0,13,0,0,16,0,17,0,0,15,0,0,12,0,NA,NA,NA,NA,NA,NA
442,20,1,D,,,,0,0,0,0,2,0,0,5,0,0,8,0,0,NA,NA,NA,NA,NA,NA,NA,NA,NA,NA,NA,NA,NA,NA,NA,NA,NA,NA,NA,NA,NA,NA,NA,NA,NA,NA,NA,NA,NA,NA,NA,NA
443,20,1,D,,,,0,0,0,0,2,0,0,2,0,0,7,0,0,5,0,0,NA,NA,NA,NA,NA,NA,NA,NA,NA,NA,NA,NA,NA,NA,NA,NA,NA,NA,NA,NA,NA,NA,NA,NA,NA,NA,NA,NA,NA
444,20,1,D,,1,,0,0,0,0,4,0,0,0,0,4,0,0,8,0,0,9,0,0,9,0,0,9,0,10,0,0,13,0,0,15,0,0,13,0,0,14,0,0,0,NA,NA,NA,NA,NA,NA
445,20,1,D,,1,,0,0,0,0,2,0,0,4,0,0,7,0,0,8,0,8,0,0,0,9,0,8,1,0,8,0,0,8,0,0,15,0,0,13,0,1,12,0,0,NA,NA,NA,NA,NA,NA
446,20,1,D,,1,,0,0,0,0,2,0,0,5,0,0,9,0,9,0,0,10,0,0,10,0,0,15,0,0,16,0,0,16,0,1,18,0,0,18,0,0,16,0,0,NA,NA,NA,NA,NA,NA
447,20,1,D,,,,0,0,0,0,4,0,0,6,0,0,9,0,0,9,0,NA,NA,NA,NA,NA,NA,NA,NA,NA,NA,NA,NA,NA,NA,NA,NA,NA,NA,NA,NA,NA,NA,NA,NA,NA,NA,NA,NA,NA,NA
448,20,1,D,,1,,0,0,0,0,4,0,0,5,0,0,11,0,9,0,0,9,0,0,6,0,0,17,0,0,16,0,0,17,0,0,19,0,0,18,0,0,15,0,0,NA,NA,NA,NA,NA,NA
449,20,1,D,,,,0,0,0,0,3,0,0,5,0,0,3,0,0,2,0,NA,NA,NA,NA,NA,NA,NA,NA,NA,NA,NA,NA,NA,NA,NA,NA,NA,NA,NA,NA,NA,NA,NA,NA,NA,NA,NA,NA,NA,NA
450,20,1,D,,,,0,0,0,0,3,0,0,4,0,0,8,0,0,NA,NA,NA,NA,NA,NA,NA,NA,NA,NA,NA,NA,NA,NA,NA,NA,NA,NA,NA,NA,NA,NA,NA,NA,NA,NA,NA,NA,NA,NA,NA,NA
451,20,1,D,,,,0,0,0,0,2,0,0,6,0,0,8,0,0,0,0,0,NA,NA,NA,NA,NA,NA,NA,NA,NA,NA,NA,NA,NA,NA,NA,NA,NA,NA,NA,NA,NA,NA,NA,NA,NA,NA,NA,NA,NA
452,20,1,D,,,,0,0,0,0,2,0,0,0,0,0,4,0,0,0,0,0,0,0,0,0,NA,NA,NA,NA,NA,NA,NA,NA,NA,NA,NA,NA,NA,NA,NA,NA,NA,NA,NA,NA,NA,NA,NA,NA,NA
453,20,1,D,,,,0,0,0,0,0,0,0,0,0,0,0,0,0,0,0,NA,NA,NA,NA,NA,NA,NA,NA,NA,NA,NA,NA,NA,NA,NA,NA,NA,NA,NA,NA,NA,NA,NA,NA,NA,NA,NA,NA,NA,NA
454,20,1,D,,1,,0,0,0,0,0,0,0,0,0,0,0,0,10,0,0,9,0,0,11,0,0,12,0,0,13,0,17,0,0,14,0,0,13,0,0,15,0,0,0,NA,NA,NA,NA,NA,NA
455,20,1,D,,,,0,0,0,0,2,0,0,5,0,0,8,0,0,7,0,NA,NA,NA,NA,NA,NA,NA,NA,NA,NA,NA,NA,NA,NA,NA,NA,NA,NA,NA,NA,NA,NA,NA,NA,NA,NA,NA,NA,NA,NA
456,20,1,D,,,,0,0,0,0,0,2,0,0,6,0,0,8,0,0,3,0,0,0,0,0,NA,NA,NA,NA,NA,NA,NA,NA,NA,NA,NA,NA,NA,NA,NA,NA,NA,NA,NA,NA,NA,NA,NA,NA,NA
457,20,1,D,,,,0,0,0,0,2,0,0,5,0,5,0,0,7,0,0,NA,NA,NA,NA,NA,NA,NA,NA,NA,NA,NA,NA,NA,NA,NA,NA,NA,NA,NA,NA,NA,NA,NA,NA,NA,NA,NA,NA,NA,NA
458,20,1,D,,1,,0,0,0,0,2,0,0,5,0,7,0,0,10,0,0,9,0,0,9,0,0,10,0,0,12,0,0,13,0,0,14,0,0,17,0,0,14,0,0,NA,NA,NA,NA,NA,NA
459,20,1,D,,,,0,0,0,0,4,0,5,0,0,9,0,0,6,0,0,0,0,0,0,0,0,NA,NA,NA,NA,NA,NA,NA,NA,NA,NA,NA,NA,NA,NA,NA,NA,NA,NA,NA,NA,NA,NA,NA,NA
460,20,1,D,,1,,0,0,0,0,2,0,0,4,0,6,0,0,2,0,0,9,0,0,7,0,0,10,0,0,16,0,12,4,0,14,0,0,11,0,0,19,0,0,0,NA,NA,NA,NA,NA,NA
461,20,1,D,,,,0,0,0,0,2,0,0,5,0,0,10,0,0,1,0,NA,NA,NA,NA,NA,NA,NA,NA,NA,NA,NA,NA,NA,NA,NA,NA,NA,NA,NA,NA,NA,NA,NA,NA,NA,NA,NA,NA,NA,NA
462,20,1,D,,,,0,0,0,0,0,3,0,0,6,0,0,9,0,0,4,NA,NA,NA,NA,NA,NA,NA,NA,NA,NA,NA,NA,NA,NA,NA,NA,NA,NA,NA,NA,NA,NA,NA,NA,NA,NA,NA,NA,NA,NA
463,20,1,D,,,,NA,NA,NA,NA,NA,NA,NA,NA,NA,NA,NA,NA,NA,NA,NA,NA,NA,NA,NA,NA,NA,NA,NA,NA,NA,NA,NA,NA,NA,NA,NA,NA,NA,NA,NA,NA,NA,NA,NA,NA,NA,NA,NA,NA,NA
464,20,1,D,,,,NA,NA,NA,NA,NA,NA,NA,NA,NA,NA,NA,NA,NA,NA,NA,NA,NA,NA,NA,NA,NA,NA,NA,NA,NA,NA,NA,NA,NA,NA,NA,NA,NA,NA,NA,NA,NA,NA,NA,NA,NA,NA,NA,NA,NA
465,20,1,D,,1,,0,0,0,0,0,3,0,0,5,0,0,11,0,4,0,0,12,0,0,9,0,0,3,0,0,11,0,0,17,0,0,16,1,0,19,0,0,15,0,NA,NA,NA,NA,NA,NA
466,25,0.1,D,,,,0,0,0,0,NA,NA,NA,NA,NA,NA,NA,NA,NA,NA,NA,NA,NA,NA,NA,NA,NA,NA,NA,NA,NA,NA,NA,NA,NA,NA,NA,NA,NA,NA,NA,NA,NA,NA,NA,NA,NA,NA,NA,NA,NA
467,25,0.1,D,,,,0,0,1,0,3,0,0,5,0,4,0,0,4,0,1,0,0,2,0,4,0,4,0,1,3,0,0,3,0,0,NA,NA,NA,NA,NA,NA,NA,NA,NA,NA,NA,NA,NA,NA,NA
468,25,0.1,D,,,,0,0,0,0,1,4,0,5,0,0,3,0,3,0,0,4,0,4,0,3,1,0,3,0,4,0,0,2,0,1,0,0,5,0,NA,NA,NA,NA,NA,NA,NA,NA,NA,NA,NA
469,25,0.1,D,,,,0,0,0,0,0,1,0,3,0,2,0,0,4,0,3,0,0,3,0,5,0,0,3,0,2,0,4,1,0,2,0,4,0,0,2,0,3,0,0,2,0,0,0,NA,NA
470,25,0.1,D,,,,0,0,0,0,0,1,0,4,0,3,0,0,4,0,3,0,0,4,0,3,0,0,3,0,4,0,0,3,0,2,0,5,0,0,2,0,6,0,NA,NA,NA,NA,NA,NA,NA
471,25,0.1,D,,,,0,0,0,0,0,NA,NA,NA,NA,NA,NA,NA,NA,NA,NA,NA,NA,NA,NA,NA,NA,NA,NA,NA,NA,NA,NA,NA,NA,NA,NA,NA,NA,NA,NA,NA,NA,NA,NA,NA,NA,NA,NA,NA,NA
472,25,0.1,D,,,,0,0,0,0,0,0,3,1,0,2,0,3,0,2,0,0,4,0,4,0,0,2,0,2,0,0,4,0,3,0,0,3,0,3,0,0,3,0,3,0,0,2,0,0,NA
473,25,0.1,D,,,,0,0,3,0,4,0,0,5,0,5,0,0,3,0,3,0,1,3,0,4,0,0,4,0,3,0,4,0,0,3,0,4,0,0,3,0,5,0,0,3,0,0,1,NA,NA
474,25,0.1,D,,,,0,0,0,0,4,0,4,0,0,3,0,4,0,0,3,0,3,0,2,1,0,2,0,0,3,0,4,0,0,2,0,5,0,0,2,0,4,0,0,3,0,0,0,NA,NA
475,25,0.1,D,,,,0,0,0,0,0,4,0,4,0,0,2,0,5,0,3,0,0,5,0,1,0,0,3,0,4,0,3,0,0,3,0,5,0,0,1,0,5,0,0,3,0,0,2,NA,NA
476,25,0.1,D,,,,0,0,0,0,0,6,0,3,0,0,5,0,5,0,0,2,0,5,0,2,0,1,2,0,5,0,0,3,0,2,0,3,0,0,4,0,4,0,0,2,0,0,3,0,NA
477,25,0.1,D,,,,0,0,0,0,0,4,0,0,0,0,3,0,NA,NA,NA,NA,NA,NA,NA,NA,NA,NA,NA,NA,NA,NA,NA,NA,NA,NA,NA,NA,NA,NA,NA,NA,NA,NA,NA,NA,NA,NA,NA,NA,NA
478,25,0.1,D,,,,0,0,0,0,0,4,0,4,0,0,3,0,4,0,0,0,4,0,0,3,0,3,0,0,3,0,4,0,0,3,0,4,0,0,3,0,4,0,0,3,0,0,2,0,NA
479,25,0.1,D,,,,0,0,0,0,1,0,4,0,0,3,0,0,4,0,4,3,0,0,3,0,4,0,0,3,0,4,0,0,2,0,4,0,0,2,0,0,4,0,3,0,0,2,0,NA,NA
480,25,0.1,D,,,,0,0,0,0,0,5,0,3,0,0,2,0,4,0,0,2,0,5,0,0,4,0,2,0,0,4,0,2,0,0,2,0,3,0,0,1,0,0,NA,NA,NA,NA,NA,NA,NA
481,25,0.1,D,,,,0,0,NA,NA,NA,NA,NA,NA,NA,NA,NA,NA,NA,NA,NA,NA,NA,NA,NA,NA,NA,NA,NA,NA,NA,NA,NA,NA,NA,NA,NA,NA,NA,NA,NA,NA,NA,NA,NA,NA,NA,NA,NA,NA,NA
482,25,0.1,D,,,,0,0,0,0,0,NA,NA,NA,NA,NA,NA,NA,NA,NA,NA,NA,NA,NA,NA,NA,NA,NA,NA,NA,NA,NA,NA,NA,NA,NA,NA,NA,NA,NA,NA,NA,NA,NA,NA,NA,NA,NA,NA,NA,NA
483,25,0.1,D,,,1,0,0,0,0,0,4,0,0,4,0,2,0,0,2,0,0,0,NA,NA,NA,NA,NA,NA,NA,NA,NA,NA,NA,NA,NA,NA,NA,NA,NA,NA,NA,NA,NA,NA,NA,NA,NA,NA,NA,NA
484,25,0.1,D,,,,0,0,0,0,0,3,0,4,0,0,0,0,0,0,0,NA,NA,NA,NA,NA,NA,NA,NA,NA,NA,NA,NA,NA,NA,NA,NA,NA,NA,NA,NA,NA,NA,NA,NA,NA,NA,NA,NA,NA,NA
485,25,0.1,D,,,,0,0,0,0,0,1,0,4,0,0,0,0,2,0,0,NA,NA,NA,NA,NA,NA,NA,NA,NA,NA,NA,NA,NA,NA,NA,NA,NA,NA,NA,NA,NA,NA,NA,NA,NA,NA,NA,NA,NA,NA
486,25,0.1,D,,,,0,0,0,0,0,0,0,0,4,NA,NA,NA,NA,NA,NA,NA,NA,NA,NA,NA,NA,NA,NA,NA,NA,NA,NA,NA,NA,NA,NA,NA,NA,NA,NA,NA,NA,NA,NA,NA,NA,NA,NA,NA,NA
487,25,0.1,D,,,1,0,0,0,0,0,0,0,4,0,0,1,0,0,0,0,0,0,NA,NA,NA,NA,NA,NA,NA,NA,NA,NA,NA,NA,NA,NA,NA,NA,NA,NA,NA,NA,NA,NA,NA,NA,NA,NA,NA,NA
488,25,0.1,D,,,,0,0,0,0,0,4,0,3,0,0,0,0,0,0,0,NA,NA,NA,NA,NA,NA,NA,NA,NA,NA,NA,NA,NA,NA,NA,NA,NA,NA,NA,NA,NA,NA,NA,NA,NA,NA,NA,NA,NA,NA
489,25,0.1,D,,,,0,0,0,0,0,3,0,2,0,1,1,0,1,0,NA,NA,NA,NA,NA,NA,NA,NA,NA,NA,NA,NA,NA,NA,NA,NA,NA,NA,NA,NA,NA,NA,NA,NA,NA,NA,NA,NA,NA,NA,NA
490,25,0.1,D,,,,0,0,0,0,0,2,0,0,3,0,2,0,0,0,0,NA,NA,NA,NA,NA,NA,NA,NA,NA,NA,NA,NA,NA,NA,NA,NA,NA,NA,NA,NA,NA,NA,NA,NA,NA,NA,NA,NA,NA,NA
491,25,0.1,D,,,,0,0,0,2,0,0,0,0,4,0,1,0,0,0,NA,NA,NA,NA,NA,NA,NA,NA,NA,NA,NA,NA,NA,NA,NA,NA,NA,NA,NA,NA,NA,NA,NA,NA,NA,NA,NA,NA,NA,NA,NA
492,25,0.1,D,,,,0,0,0,0,0,2,0,2,0,2,NA,NA,NA,NA,NA,NA,NA,NA,NA,NA,NA,NA,NA,NA,NA,NA,NA,NA,NA,NA,NA,NA,NA,NA,NA,NA,NA,NA,NA,NA,NA,NA,NA,NA,NA
493,25,0.1,D,,,,0,0,0,1,0,4,0,0,3,0,0,0,0,2,0,NA,NA,NA,NA,NA,NA,NA,NA,NA,NA,NA,NA,NA,NA,NA,NA,NA,NA,NA,NA,NA,NA,NA,NA,NA,NA,NA,NA,NA,NA
494,25,0.1,D,,,,0,0,0,0,0,3,0,3,0,0,2,0,1,0,NA,NA,NA,NA,NA,NA,NA,NA,NA,NA,NA,NA,NA,NA,NA,NA,NA,NA,NA,NA,NA,NA,NA,NA,NA,NA,NA,NA,NA,NA,NA
495,25,0.1,D,,,,0,0,0,0,0,4,0,0,1,0,1,0,NA,NA,NA,NA,NA,NA,NA,NA,NA,NA,NA,NA,NA,NA,NA,NA,NA,NA,NA,NA,NA,NA,NA,NA,NA,NA,NA,NA,NA,NA,NA,NA,NA
496,25,0.1,D,,,,0,0,0,0,2,0,3,4,0,4,0,0,0,0,0,0,0,NA,NA,NA,NA,NA,NA,NA,NA,NA,NA,NA,NA,NA,NA,NA,NA,NA,NA,NA,NA,NA,NA,NA,NA,NA,NA,NA,NA
497,25,0.1,D,,,,0,0,0,0,3,0,0,0,NA,NA,NA,NA,NA,NA,NA,NA,NA,NA,NA,NA,NA,NA,NA,NA,NA,NA,NA,NA,NA,NA,NA,NA,NA,NA,NA,NA,NA,NA,NA,NA,NA,NA,NA,NA,NA
498,25,0.1,D,,,,0,0,0,1,0,3,0,0,4,0,2,0,0,NA,NA,NA,NA,NA,NA,NA,NA,NA,NA,NA,NA,NA,NA,NA,NA,NA,NA,NA,NA,NA,NA,NA,NA,NA,NA,NA,NA,NA,NA,NA,NA
499,25,0.1,D,,,1,0,0,0,0,2,0,0,3,0,3,0,0,2,0,0,0,0,NA,NA,NA,NA,NA,NA,NA,NA,NA,NA,NA,NA,NA,NA,NA,NA,NA,NA,NA,NA,NA,NA,NA,NA,NA,NA,NA,NA
500,25,0.1,D,,,,0,0,0,0,0,3,0,4,0,0,3,0,0,0,0,NA,NA,NA,NA,NA,NA,NA,NA,NA,NA,NA,NA,NA,NA,NA,NA,NA,NA,NA,NA,NA,NA,NA,NA,NA,NA,NA,NA,NA,NA
501,25,0.1,D,,,,0,0,0,0,0,1,0,0,1,0,0,NA,NA,NA,NA,NA,NA,NA,NA,NA,NA,NA,NA,NA,NA,NA,NA,NA,NA,NA,NA,NA,NA,NA,NA,NA,NA,NA,NA,NA,NA,NA,NA,NA,NA
502,25,0.1,D,,,,0,0,0,0,0,3,0,4,0,0,3,0,0,0,0,NA,NA,NA,NA,NA,NA,NA,NA,NA,NA,NA,NA,NA,NA,NA,NA,NA,NA,NA,NA,NA,NA,NA,NA,NA,NA,NA,NA,NA,NA
503,25,0.1,D,1,,,0,0,0,0,0,0,0,0,0,0,0,0,NA,NA,NA,NA,NA,NA,NA,NA,NA,NA,NA,NA,NA,NA,NA,NA,NA,NA,NA,NA,NA,NA,NA,NA,NA,NA,NA,NA,NA,NA,NA,NA,NA
504,25,0.1,D,,,,0,0,1,0,0,3,0,2,0,0,2,0,2,0,NA,NA,NA,NA,NA,NA,NA,NA,NA,NA,NA,NA,NA,NA,NA,NA,NA,NA,NA,NA,NA,NA,NA,NA,NA,NA,NA,NA,NA,NA,NA
505,25,0.1,D,,,,0,0,0,0,0,0,0,4,0,0,0,0,2,0,0,NA,NA,NA,NA,NA,NA,NA,NA,NA,NA,NA,NA,NA,NA,NA,NA,NA,NA,NA,NA,NA,NA,NA,NA,NA,NA,NA,NA,NA,NA
506,25,0.1,D,,,,0,0,0,0,3,0,0,3,0,2,0,0,0,0,0,NA,NA,NA,NA,NA,NA,NA,NA,NA,NA,NA,NA,NA,NA,NA,NA,NA,NA,NA,NA,NA,NA,NA,NA,NA,NA,NA,NA,NA,NA
507,25,0.1,D,,,,0,NA,NA,NA,NA,NA,NA,NA,NA,NA,NA,NA,NA,NA,NA,NA,NA,NA,NA,NA,NA,NA,NA,NA,NA,NA,NA,NA,NA,NA,NA,NA,NA,NA,NA,NA,NA,NA,NA,NA,NA,NA,NA,NA,NA
508,25,0.1,D,,,,0,0,0,0,0,3,0,0,0,0,2,0,0,0,0,NA,NA,NA,NA,NA,NA,NA,NA,NA,NA,NA,NA,NA,NA,NA,NA,NA,NA,NA,NA,NA,NA,NA,NA,NA,NA,NA,NA,NA,NA
509,25,0.1,D,,,,0,0,0,1,0,3,0,0,1,0,1,0,0,0,0,0,0,NA,NA,NA,NA,NA,NA,NA,NA,NA,NA,NA,NA,NA,NA,NA,NA,NA,NA,NA,NA,NA,NA,NA,NA,NA,NA,NA,NA
510,25,0.1,D,,,,NA,NA,NA,NA,NA,NA,NA,NA,NA,NA,NA,NA,NA,NA,NA,NA,NA,NA,NA,NA,NA,NA,NA,NA,NA,NA,NA,NA,NA,NA,NA,NA,NA,NA,NA,NA,NA,NA,NA,NA,NA,NA,NA,NA,NA
511,25,0.5,D,,,,NA,NA,NA,NA,NA,NA,NA,NA,NA,NA,NA,NA,NA,NA,NA,NA,NA,NA,NA,NA,NA,NA,NA,NA,NA,NA,NA,NA,NA,NA,NA,NA,NA,NA,NA,NA,NA,NA,NA,NA,NA,NA,NA,NA,NA
512,25,0.5,D,,,,0,0,4,0,3,0,0,5,0,4,0,5,0,0,6,0,8,0,0,8,0,12,0,7,1,0,7,0,5,1,0,8,0,5,0,0,10,0,10,0,0,8,NA,NA,NA
513,25,0.5,D,,,,0,4,0,0,3,0,7,0,8,0,6,0,0,7,0,10,0,8,0,0,5,0,8,0,10,0,0,8,0,9,0,8,0,0,8,0,9,0,0,5,0,0,2,NA,NA
514,25,0.5,D,,1,,0,3,0,0,5,0,7,0,6,0,6,0,0,5,0,8,0,7,1,0,7,0,9,0,0,7,0,6,0,6,0,0,7,0,9,0,2,5,0,6,0,0,2,0,NA
515,25,0.5,D,,,,0,0,6,0,9,0,0,8,0,7,0,7,0,0,7,0,9,0,0,0,0,7,0,7,0,0,8,0,12,0,6,0,0,9,0,9,0,0,2,2,0,0,NA,NA,NA
516,25,0.5,D,,,,0,NA,NA,NA,NA,NA,NA,NA,NA,NA,NA,NA,NA,NA,NA,NA,NA,NA,NA,NA,NA,NA,NA,NA,NA,NA,NA,NA,NA,NA,NA,NA,NA,NA,NA,NA,NA,NA,NA,NA,NA,NA,NA,NA,NA
517,25,0.5,D,,,,0,0,4,0,7,0,8,0,7,0,0,5,0,8,0,8,0,0,7,0,10,0,8,0,0,9,0,9,0,7,1,0,8,0,7,0,4,2,0,8,1,0,1,NA,NA
518,25,0.5,D,,,,0,NA,NA,NA,NA,NA,NA,NA,NA,NA,NA,NA,NA,NA,NA,NA,NA,NA,NA,NA,NA,NA,NA,NA,NA,NA,NA,NA,NA,NA,NA,NA,NA,NA,NA,NA,NA,NA,NA,NA,NA,NA,NA,NA,NA
519,25,0.5,D,,1,,0,3,0,0,7,0,8,0,6,0,0,6,0,7,0,1,0,8,0,0,8,0,11,0,11,0,0,9,0,8,0,6,0,0,5,0,13,0,0,9,0,6,0,0,NA
520,25,0.5,D,,,,0,NA,NA,NA,NA,NA,NA,NA,NA,NA,NA,NA,NA,NA,NA,NA,NA,NA,NA,NA,NA,NA,NA,NA,NA,NA,NA,NA,NA,NA,NA,NA,NA,NA,NA,NA,NA,NA,NA,NA,NA,NA,NA,NA,NA
521,25,0.5,D,,,,0,5,0,0,7,0,6,0,5,0,0,7,0,7,0,11,0,0,10,0,10,0,0,5,0,7,0,0,9,0,7,0,7,0,0,9,0,7,0,0,6,0,1,0,NA
522,25,0.5,D,,,1,0,2,2,0,7,0,9,0,7,NA,NA,NA,NA,NA,NA,NA,NA,NA,NA,NA,NA,NA,NA,NA,NA,NA,NA,NA,NA,NA,NA,NA,NA,NA,NA,NA,NA,NA,NA,NA,NA,NA,NA,NA,NA
523,25,0.5,D,,,,0,0,4,0,2,0,8,0,0,6,0,8,0,7,0,8,0,0,10,0,12,0,0,4,0,4,0,5,0,0,9,0,7,0,6,0,0,9,0,9,0,0,4,NA,NA
524,25,0.5,D,,1,,0,0,3,0,6,0,7,0,8,0,0,0,0,8,0,10,0,0,10,0,14,0,10,0,0,10,0,11,0,9,0,4,10,0,8,0,0,9,0,10,0,0,8,0,NA
525,25,0.5,D,,,,0,4,0,0,5,0,10,0,7,0,5,0,0,6,0,9,0,0,5,0,8,0,0,3,0,8,0,11,0,0,2,0,14,0,0,8,0,8,0,0,6,0,7,0,NA
526,25,0.5,D,,,,0,1,1,0,2,0,8,0,0,3,0,NA,NA,NA,NA,NA,NA,NA,NA,NA,NA,NA,NA,NA,NA,NA,NA,NA,NA,NA,NA,NA,NA,NA,NA,NA,NA,NA,NA,NA,NA,NA,NA,NA,NA
527,25,0.5,D,,,,0,3,0,0,3,1,6,0,2,0,0,0,0,NA,NA,NA,NA,NA,NA,NA,NA,NA,NA,NA,NA,NA,NA,NA,NA,NA,NA,NA,NA,NA,NA,NA,NA,NA,NA,NA,NA,NA,NA,NA,NA
528,25,0.5,D,,,,0,0,2,0,4,0,10,0,0,NA,NA,NA,NA,NA,NA,NA,NA,NA,NA,NA,NA,NA,NA,NA,NA,NA,NA,NA,NA,NA,NA,NA,NA,NA,NA,NA,NA,NA,NA,NA,NA,NA,NA,NA,NA
529,25,0.5,D,,,,0,0,3,0,4,0,6,0,0,4,0,0,0,0,0,NA,NA,NA,NA,NA,NA,NA,NA,NA,NA,NA,NA,NA,NA,NA,NA,NA,NA,NA,NA,NA,NA,NA,NA,NA,NA,NA,NA,NA,NA
530,25,0.5,D,,,,0,0,1,0,2,0,0,6,0,2,0,NA,NA,NA,NA,NA,NA,NA,NA,NA,NA,NA,NA,NA,NA,NA,NA,NA,NA,NA,NA,NA,NA,NA,NA,NA,NA,NA,NA,NA,NA,NA,NA,NA,NA
531,25,0.5,D,,,,0,5,1,0,5,0,7,0,6,0,0,0,0,NA,NA,NA,NA,NA,NA,NA,NA,NA,NA,NA,NA,NA,NA,NA,NA,NA,NA,NA,NA,NA,NA,NA,NA,NA,NA,NA,NA,NA,NA,NA,NA
532,25,0.5,D,,,,0,0,4,0,4,0,6,0,0,4,0,NA,NA,NA,NA,NA,NA,NA,NA,NA,NA,NA,NA,NA,NA,NA,NA,NA,NA,NA,NA,NA,NA,NA,NA,NA,NA,NA,NA,NA,NA,NA,NA,NA,NA
533,25,0.5,D,,,,0,4,0,0,0,0,6,0,5,0,0,0,0,NA,NA,NA,NA,NA,NA,NA,NA,NA,NA,NA,NA,NA,NA,NA,NA,NA,NA,NA,NA,NA,NA,NA,NA,NA,NA,NA,NA,NA,NA,NA,NA
534,25,0.5,D,,,,0,4,0,0,2,0,5,0,6,0,0,0,NA,NA,NA,NA,NA,NA,NA,NA,NA,NA,NA,NA,NA,NA,NA,NA,NA,NA,NA,NA,NA,NA,NA,NA,NA,NA,NA,NA,NA,NA,NA,NA,NA
535,25,0.5,D,,,,0,3,0,0,0,0,6,0,6,0,0,NA,NA,NA,NA,NA,NA,NA,NA,NA,NA,NA,NA,NA,NA,NA,NA,NA,NA,NA,NA,NA,NA,NA,NA,NA,NA,NA,NA,NA,NA,NA,NA,NA,NA
536,25,0.5,D,,,,0,0,3,0,4,0,5,0,1,0,NA,NA,NA,NA,NA,NA,NA,NA,NA,NA,NA,NA,NA,NA,NA,NA,NA,NA,NA,NA,NA,NA,NA,NA,NA,NA,NA,NA,NA,NA,NA,NA,NA,NA,NA
537,25,0.5,D,,,,0,0,6,0,3,0,0,8,2,2,0,0,0,NA,NA,NA,NA,NA,NA,NA,NA,NA,NA,NA,NA,NA,NA,NA,NA,NA,NA,NA,NA,NA,NA,NA,NA,NA,NA,NA,NA,NA,NA,NA,NA
538,25,0.5,D,,,,0,0,2,0,3,0,4,0,NA,NA,NA,NA,NA,NA,NA,NA,NA,NA,NA,NA,NA,NA,NA,NA,NA,NA,NA,NA,NA,NA,NA,NA,NA,NA,NA,NA,NA,NA,NA,NA,NA,NA,NA,NA,NA
539,25,0.5,D,1,,,0,0,0,0,0,0,0,NA,NA,NA,NA,NA,NA,NA,NA,NA,NA,NA,NA,NA,NA,NA,NA,NA,NA,NA,NA,NA,NA,NA,NA,NA,NA,NA,NA,NA,NA,NA,NA,NA,NA,NA,NA,NA,NA
540,25,0.5,D,,,,0,5,0,0,4,0,9,0,NA,NA,NA,NA,NA,NA,NA,NA,NA,NA,NA,NA,NA,NA,NA,NA,NA,NA,NA,NA,NA,NA,NA,NA,NA,NA,NA,NA,NA,NA,NA,NA,NA,NA,NA,NA,NA
541,25,0.5,D,,,,0,0,0,0,2,0,3,NA,NA,NA,NA,NA,NA,NA,NA,NA,NA,NA,NA,NA,NA,NA,NA,NA,NA,NA,NA,NA,NA,NA,NA,NA,NA,NA,NA,NA,NA,NA,NA,NA,NA,NA,NA,NA,NA
542,25,0.5,D,,,,0,1,0,0,3,0,6,0,8,0,0,0,NA,NA,NA,NA,NA,NA,NA,NA,NA,NA,NA,NA,NA,NA,NA,NA,NA,NA,NA,NA,NA,NA,NA,NA,NA,NA,NA,NA,NA,NA,NA,NA,NA
543,25,0.5,D,,,,0,0,1,0,0,0,0,0,0,NA,NA,NA,NA,NA,NA,NA,NA,NA,NA,NA,NA,NA,NA,NA,NA,NA,NA,NA,NA,NA,NA,NA,NA,NA,NA,NA,NA,NA,NA,NA,NA,NA,NA,NA,NA
544,25,0.5,D,,,,0,0,6,0,3,0,0,6,1,2,0,0,0,0,NA,NA,NA,NA,NA,NA,NA,NA,NA,NA,NA,NA,NA,NA,NA,NA,NA,NA,NA,NA,NA,NA,NA,NA,NA,NA,NA,NA,NA,NA,NA
545,25,0.5,D,,,,0,NA,NA,NA,NA,NA,NA,NA,NA,NA,NA,NA,NA,NA,NA,NA,NA,NA,NA,NA,NA,NA,NA,NA,NA,NA,NA,NA,NA,NA,NA,NA,NA,NA,NA,NA,NA,NA,NA,NA,NA,NA,NA,NA,NA
546,25,0.5,D,,,,0,0,5,0,0,1,0,2,0,1,0,NA,NA,NA,NA,NA,NA,NA,NA,NA,NA,NA,NA,NA,NA,NA,NA,NA,NA,NA,NA,NA,NA,NA,NA,NA,NA,NA,NA,NA,NA,NA,NA,NA,NA
547,25,0.5,D,,,,0,0,4,0,1,0,4,0,0,4,0,NA,NA,NA,NA,NA,NA,NA,NA,NA,NA,NA,NA,NA,NA,NA,NA,NA,NA,NA,NA,NA,NA,NA,NA,NA,NA,NA,NA,NA,NA,NA,NA,NA,NA
548,25,0.5,D,,,,0,2,0,0,4,0,7,0,5,0,0,0,NA,NA,NA,NA,NA,NA,NA,NA,NA,NA,NA,NA,NA,NA,NA,NA,NA,NA,NA,NA,NA,NA,NA,NA,NA,NA,NA,NA,NA,NA,NA,NA,NA
549,25,0.5,D,,,,0,4,0,0,5,0,2,0,5,0,0,0,0,NA,NA,NA,NA,NA,NA,NA,NA,NA,NA,NA,NA,NA,NA,NA,NA,NA,NA,NA,NA,NA,NA,NA,NA,NA,NA,NA,NA,NA,NA,NA,NA
550,25,0.5,D,,,,0,3,0,0,0,0,3,0,6,0,NA,NA,NA,NA,NA,NA,NA,NA,NA,NA,NA,NA,NA,NA,NA,NA,NA,NA,NA,NA,NA,NA,NA,NA,NA,NA,NA,NA,NA,NA,NA,NA,NA,NA,NA
551,25,0.5,D,,,,0,0,0,0,1,2,1,0,5,0,NA,NA,NA,NA,NA,NA,NA,NA,NA,NA,NA,NA,NA,NA,NA,NA,NA,NA,NA,NA,NA,NA,NA,NA,NA,NA,NA,NA,NA,NA,NA,NA,NA,NA,NA
552,25,0.5,D,,,,0,0,1,0,0,2,0,5,0,7,0,NA,NA,NA,NA,NA,NA,NA,NA,NA,NA,NA,NA,NA,NA,NA,NA,NA,NA,NA,NA,NA,NA,NA,NA,NA,NA,NA,NA,NA,NA,NA,NA,NA,NA
553,25,0.5,D,,,,0,0,0,0,0,0,0,0,NA,NA,NA,NA,NA,NA,NA,NA,NA,NA,NA,NA,NA,NA,NA,NA,NA,NA,NA,NA,NA,NA,NA,NA,NA,NA,NA,NA,NA,NA,NA,NA,NA,NA,NA,NA,NA
554,25,0.5,D,1,,,0,0,0,0,0,0,0,NA,NA,NA,NA,NA,NA,NA,NA,NA,NA,NA,NA,NA,NA,NA,NA,NA,NA,NA,NA,NA,NA,NA,NA,NA,NA,NA,NA,NA,NA,NA,NA,NA,NA,NA,NA,NA,NA
555,25,0.5,D,1,,,0,0,0,0,0,0,0,NA,NA,NA,NA,NA,NA,NA,NA,NA,NA,NA,NA,NA,NA,NA,NA,NA,NA,NA,NA,NA,NA,NA,NA,NA,NA,NA,NA,NA,NA,NA,NA,NA,NA,NA,NA,NA,NA
556,25,1,D,,1,,0,0,0,0,6,0,8,0,0,8,0,9,0,9,0,12,0,0,11,0,15,0,0,12,0,14,0,11,0,0,13,0,15,0,12,0,2,7,0,9,0,0,3,0,NA
557,25,1,D,,,,0,0,2,0,6,0,9,0,9,0,0,5,0,10,0,7,0,0,10,0,0,0,0,2,0,8,0,0,2,0,19,0,0,0,0,11,0,0,0,1,2,0,0,NA,NA
558,25,1,D,,,,0,5,0,0,0,0,14,0,10,0,10,0,0,5,0,14,0,16,0,14,0,0,16,0,18,0,17,0,0,13,0,14,0,16,0,0,16,0,19,0,0,10,NA,NA,NA
559,25,1,D,,,,0,4,0,0,9,0,12,0,9,0,3,5,0,9,0,10,0,0,13,0,20,0,20,0,0,18,0,15,0,0,2,0,0,0,NA,NA,NA,NA,NA,NA,NA,NA,NA,NA,NA
560,25,1,D,,,,0,0,0,0,4,0,6,0,4,0,8,0,0,7,0,10,0,12,0,6,0,1,12,0,13,0,10,0,0,9,0,12,0,8,0,0,10,0,11,0,0,9,NA,NA,NA
561,25,1,D,,,,0,0,2,0,6,0,1,0,0,0,0,0,0,5,0,0,0,0,9,0,4,0,14,0,0,14,0,14,0,0,10,0,16,0,12,0,0,14,0,18,0,0,10,NA,NA
562,25,1,D,,,,0,4,1,0,7,0,12,0,8,0,2,7,0,9,0,12,0,3,0,2,17,0,15,0,0,15,0,1,0,14,0,0,0,0,15,0,0,0,0,0,NA,NA,NA,NA,NA
563,25,1,D,,,,0,0,2,0,5,0,1,NA,NA,NA,NA,NA,NA,NA,NA,NA,NA,NA,NA,NA,NA,NA,NA,NA,NA,NA,NA,NA,NA,NA,NA,NA,NA,NA,NA,NA,NA,NA,NA,NA,NA,NA,NA,NA,NA
564,25,1,D,,,,0,0,5,0,8,0,13,0,10,0,0,2,0,11,0,8,0,0,2,0,0,0,1,12,0,13,0,13,0,0,12,0,17,0,5,10,0,11,0,0,7,0,8,0,NA
565,25,1,D,,,,0,4,0,0,5,0,11,0,12,0,10,0,0,10,0,8,0,13,0,0,13,0,19,0,11,0,8,5,0,11,0,1,NA,NA,NA,NA,NA,NA,NA,NA,NA,NA,NA,NA,NA
566,25,1,D,,,,0,0,2,0,6,0,12,0,0,14,0,10,0,6,0,7,2,0,17,0,18,0,1,10,0,17,0,11,0,2,11,0,11,0,0,12,0,11,0,0,11,0,NA,NA,NA
567,25,1,D,,1,,0,0,3,0,5,0,10,0,11,0,8,0,0,10,0,11,0,0,10,0,13,0,4,0,14,0,0,17,0,10,0,5,0,0,10,0,3,0,4,0,0,12,0,0,NA
568,25,1,D,,,,0,0,4,0,6,0,0,8,0,10,0,0,0,10,0,12,0,0,14,0,14,0,0,16,0,14,0,10,0,1,11,0,9,0,0,4,0,11,0,0,7,0,6,NA,NA
569,25,1,D,,,,0,NA,NA,NA,NA,NA,NA,NA,NA,NA,NA,NA,NA,NA,NA,NA,NA,NA,NA,NA,NA,NA,NA,NA,NA,NA,NA,NA,NA,NA,NA,NA,NA,NA,NA,NA,NA,NA,NA,NA,NA,NA,NA,NA,NA
570,25,1,D,,,,0,0,2,0,3,0,10,0,0,10,0,8,0,7,0,10,0,0,11,0,14,0,0,11,0,17,0,12,0,0,13,0,13,0,0,14,0,16,0,0,9,0,10,0,NA
571,25,1,D,,,,0,0,1,0,6,0,8,0,0,0,NA,NA,NA,NA,NA,NA,NA,NA,NA,NA,NA,NA,NA,NA,NA,NA,NA,NA,NA,NA,NA,NA,NA,NA,NA,NA,NA,NA,NA,NA,NA,NA,NA,NA,NA
572,25,1,D,,,,0,0,2,0,6,0,9,0,7,0,0,0,NA,NA,NA,NA,NA,NA,NA,NA,NA,NA,NA,NA,NA,NA,NA,NA,NA,NA,NA,NA,NA,NA,NA,NA,NA,NA,NA,NA,NA,NA,NA,NA,NA
573,25,1,D,,,,0,0,1,0,0,NA,NA,NA,NA,NA,NA,NA,NA,NA,NA,NA,NA,NA,NA,NA,NA,NA,NA,NA,NA,NA,NA,NA,NA,NA,NA,NA,NA,NA,NA,NA,NA,NA,NA,NA,NA,NA,NA,NA,NA
574,25,1,D,,,,0,0,0,0,2,0,6,0,NA,NA,NA,NA,NA,NA,NA,NA,NA,NA,NA,NA,NA,NA,NA,NA,NA,NA,NA,NA,NA,NA,NA,NA,NA,NA,NA,NA,NA,NA,NA,NA,NA,NA,NA,NA,NA
575,25,1,D,,,,0,0,1,0,2,0,0,6,0,0,,NA,NA,NA,NA,NA,NA,NA,NA,NA,NA,NA,NA,NA,NA,NA,NA,NA,NA,NA,NA,NA,NA,NA,NA,NA,NA,NA,NA,NA,NA,NA,NA,NA,NA
576,25,1,D,,,,0,3,1,0,7,0,13,0,9,0,0,2,0,1,0,0,0,NA,NA,NA,NA,NA,NA,NA,NA,NA,NA,NA,NA,NA,NA,NA,NA,NA,NA,NA,NA,NA,NA,NA,NA,NA,NA,NA,NA
577,25,1,D,,,,0,6,0,0,0,0,9,0,0,0,,NA,NA,NA,NA,NA,NA,NA,NA,NA,NA,NA,NA,NA,NA,NA,NA,NA,NA,NA,NA,NA,NA,NA,NA,NA,NA,NA,NA,NA,NA,NA,NA,NA,NA
578,25,1,D,,,,0,2,0,0,0,0,1,0,10,0,NA,NA,NA,NA,NA,NA,NA,NA,NA,NA,NA,NA,NA,NA,NA,NA,NA,NA,NA,NA,NA,NA,NA,NA,NA,NA,NA,NA,NA,NA,NA,NA,NA,NA,NA
579,25,1,D,,,,0,0,4,0,3,0,5,0,NA,NA,NA,NA,NA,NA,NA,NA,NA,NA,NA,NA,NA,NA,NA,NA,NA,NA,NA,NA,NA,NA,NA,NA,NA,NA,NA,NA,NA,NA,NA,NA,NA,NA,NA,NA,NA
580,25,1,D,,,,0,0,3,0,4,0,9,0,9,0,NA,NA,NA,NA,NA,NA,NA,NA,NA,NA,NA,NA,NA,NA,NA,NA,NA,NA,NA,NA,NA,NA,NA,NA,NA,NA,NA,NA,NA,NA,NA,NA,NA,NA,NA
581,25,1,D,,,,0,0,4,0,5,0,5,0,9,0,0,1,0,0,NA,NA,NA,NA,NA,NA,NA,NA,NA,NA,NA,NA,NA,NA,NA,NA,NA,NA,NA,NA,NA,NA,NA,NA,NA,NA,NA,NA,NA,NA,NA
582,25,1,D,,,,0,0,4,0,4,0,6,0,NA,NA,NA,NA,NA,NA,NA,NA,NA,NA,NA,NA,NA,NA,NA,NA,NA,NA,NA,NA,NA,NA,NA,NA,NA,NA,NA,NA,NA,NA,NA,NA,NA,NA,NA,NA,NA
583,25,1,D,,,,0,0,0,0,0,1,0,11,0,0,0,0,NA,NA,NA,NA,NA,NA,NA,NA,NA,NA,NA,NA,NA,NA,NA,NA,NA,NA,NA,NA,NA,NA,NA,NA,NA,NA,NA,NA,NA,NA,NA,NA,NA
584,25,1,D,,,,0,0,3,0,4,0,9,0,0,6,0,NA,NA,NA,NA,NA,NA,NA,NA,NA,NA,NA,NA,NA,NA,NA,NA,NA,NA,NA,NA,NA,NA,NA,NA,NA,NA,NA,NA,NA,NA,NA,NA,NA,NA
585,25,1,D,,,,0,0,3,0,5,0,10,0,1,0,0,NA,NA,NA,NA,NA,NA,NA,NA,NA,NA,NA,NA,NA,NA,NA,NA,NA,NA,NA,NA,NA,NA,NA,NA,NA,NA,NA,NA,NA,NA,NA,NA,NA,NA
586,25,1,D,,,,0,0,2,0,7,0,0,0,8,0,0,NA,NA,NA,NA,NA,NA,NA,NA,NA,NA,NA,NA,NA,NA,NA,NA,NA,NA,NA,NA,NA,NA,NA,NA,NA,NA,NA,NA,NA,NA,NA,NA,NA,NA
587,25,1,D,,,,0,0,0,4,0,5,0,0,3,0,3,1,0,0,NA,NA,NA,NA,NA,NA,NA,NA,NA,NA,NA,NA,NA,NA,NA,NA,NA,NA,NA,NA,NA,NA,NA,NA,NA,NA,NA,NA,NA,NA,NA
588,25,1,D,,,,0,0,4,0,0,0,10,0,8,0,0,2,0,NA,NA,NA,NA,NA,NA,NA,NA,NA,NA,NA,NA,NA,NA,NA,NA,NA,NA,NA,NA,NA,NA,NA,NA,NA,NA,NA,NA,NA,NA,NA,NA
589,25,1,D,,,,0,0,3,0,1,2,1,6,0,0,0,NA,NA,NA,NA,NA,NA,NA,NA,NA,NA,NA,NA,NA,NA,NA,NA,NA,NA,NA,NA,NA,NA,NA,NA,NA,NA,NA,NA,NA,NA,NA,NA,NA,NA
590,25,1,D,,,,0,0,4,0,5,0,7,0,5,0,0,2,0,NA,NA,NA,NA,NA,NA,NA,NA,NA,NA,NA,NA,NA,NA,NA,NA,NA,NA,NA,NA,NA,NA,NA,NA,NA,NA,NA,NA,NA,NA,NA,NA
591,25,1,D,,,,0,4,0,0,6,0,10,0,8,0,0,0,0,NA,NA,NA,NA,NA,NA,NA,NA,NA,NA,NA,NA,NA,NA,NA,NA,NA,NA,NA,NA,NA,NA,NA,NA,NA,NA,NA,NA,NA,NA,NA,NA
592,25,1,D,,,,0,0,2,0,3,0,7,0,NA,NA,NA,NA,NA,NA,NA,NA,NA,NA,NA,NA,NA,NA,NA,NA,NA,NA,NA,NA,NA,NA,NA,NA,NA,NA,NA,NA,NA,NA,NA,NA,NA,NA,NA,NA,NA
593,25,1,D,,,,0,0,4,0,1,0,0,0,0,0,0,0,NA,NA,NA,NA,NA,NA,NA,NA,NA,NA,NA,NA,NA,NA,NA,NA,NA,NA,NA,NA,NA,NA,NA,NA,NA,NA,NA,NA,NA,NA,NA,NA,NA
594,25,1,D,,1,,0,0,3,0,6,0,9,0,8,0,1,0,0,0,0,11,0,11,0,0,12,0,10,0,6,0,0,13,0,4,0,13,0,0,14,0,16,1,0,NA,NA,NA,NA,NA,NA
595,25,1,D,,,,0,0,5,0,0,4,0,0,0,0,0,NA,NA,NA,NA,NA,NA,NA,NA,NA,NA,NA,NA,NA,NA,NA,NA,NA,NA,NA,NA,NA,NA,NA,NA,NA,NA,NA,NA,NA,NA,NA,NA,NA,NA
596,25,1,D,,,,0,0,3,0,4,0,5,0,0,11,NA,NA,NA,NA,NA,NA,NA,NA,NA,NA,NA,NA,NA,NA,NA,NA,NA,NA,NA,NA,NA,NA,NA,NA,NA,NA,NA,NA,NA,NA,NA,NA,NA,NA,NA
597,25,1,D,,,,0,0,0,NA,NA,NA,NA,NA,NA,NA,NA,NA,NA,NA,NA,NA,NA,NA,NA,NA,NA,NA,NA,NA,NA,NA,NA,NA,NA,NA,NA,NA,NA,NA,NA,NA,NA,NA,NA,NA,NA,NA,NA,NA,NA
598,25,1,D,,,,0,0,4,0,2,0,7,0,0,4,0,NA,NA,NA,NA,NA,NA,NA,NA,NA,NA,NA,NA,NA,NA,NA,NA,NA,NA,NA,NA,NA,NA,NA,NA,NA,NA,NA,NA,NA,NA,NA,NA,NA,NA
599,25,1,D,,,,0,0,4,0,0,2,0,6,NA,NA,NA,NA,NA,NA,NA,NA,NA,NA,NA,NA,NA,NA,NA,NA,NA,NA,NA,NA,NA,NA,NA,NA,NA,NA,NA,NA,NA,NA,NA,NA,NA,NA,NA,NA,NA
600,25,1,C,,,,0,0,4,0,4,0,8,0,0,9,0,NA,NA,NA,NA,NA,NA,NA,NA,NA,NA,NA,NA,NA,NA,NA,NA,NA,NA,NA,NA,NA,NA,NA,NA,NA,NA,NA,NA,NA,NA,NA,NA,NA,NA
601,15,1,C,,1,,0,0,0,0,0,0,0,0,0,0,1,0,0,0,3,0,0,0,0,4,0,0,0,4,0,0,0,3,0,0,0,0,4,0,0,0,0,0,NA,NA,NA,NA,NA,NA,NA
602,15,1,C,,1,,0,0,0,0,0,0,0,0,0,2,0,0,0,4,0,0,0,0,2,0,0,0,0,0,0,0,0,6,0,0,0,0,5,0,0,0,0,0,NA,NA,NA,NA,NA,NA,NA
603,15,1,C,,1,,0,0,0,0,0,0,0,0,0,2,0,0,0,3,0,0,0,0,3,0,0,0,3,0,0,0,0,4,0,0,0,3,1,0,0,0,3,0,NA,NA,NA,NA,NA,NA,NA
604,15,1,C,1,1,,0,0,0,0,0,0,0,0,0,0,0,0,0,0,0,0,0,0,0,0,0,0,NA,NA,NA,NA,NA,NA,NA,NA,NA,NA,NA,NA,NA,NA,NA,NA,NA,NA,NA,NA,NA,NA,NA
605,15,1,C,,1,,0,0,0,0,0,0,0,0,0,0,0,0,0,0,3,0,0,0,0,4,0,0,0,4,0,0,0,0,0,0,0,0,5,0,0,0,0,0,NA,NA,NA,NA,NA,NA,NA
606,15,1,C,,1,,0,0,0,0,0,0,0,0,0,0,0,0,0,4,0,0,0,2,0,1,0,0,4,0,0,0,5,0,0,0,0,4,0,0,0,0,0,0,NA,NA,NA,NA,NA,NA,NA
607,15,1,C,,1,,0,0,0,0,0,0,0,0,2,0,0,0,0,2,0,0,0,3,0,0,0,0,5,0,0,0,5,0,0,0,0,4,0,0,0,0,0,0,NA,NA,NA,NA,NA,NA,NA
608,15,1,C,,1,,0,0,0,0,0,0,0,0,0,2,0,0,0,3,0,0,0,0,3,0,0,0,1,0,0,0,0,6,0,0,0,0,3,0,0,0,1,0,NA,NA,NA,NA,NA,NA,NA
609,15,1,C,,1,,0,0,0,0,0,0,0,0,0,0,0,0,0,2,0,0,0,0,1,0,0,0,0,1,0,0,0,1,1,0,0,0,2,0,0,0,0,0,NA,NA,NA,NA,NA,NA,NA
610,15,1,C,,1,,0,0,0,0,0,0,0,0,0,0,0,0,0,2,0,0,0,0,0,0,0,0,5,0,0,0,4,0,0,0,0,4,1,0,0,0,3,0,NA,NA,NA,NA,NA,NA,NA
611,15,1,C,,1,,0,0,0,0,0,0,0,0,0,0,0,0,0,1,0,0,0,0,5,0,0,0,4,0,0,0,0,6,0,0,0,5,0,0,0,0,5,0,NA,NA,NA,NA,NA,NA,NA
612,15,1,C,,1,,0,0,0,0,0,0,0,0,0,0,0,0,0,2,0,0,0,2,0,0,0,0,4,0,0,0,0,4,0,0,0,0,0,0,0,0,2,0,NA,NA,NA,NA,NA,NA,NA
613,15,1,C,,1,,0,0,0,0,0,0,0,0,0,2,0,0,0,2,0,0,0,0,3,0,0,0,0,0,0,0,0,5,0,0,0,0,6,0,0,0,3,0,NA,NA,NA,NA,NA,NA,NA
614,15,1,C,,1,,0,0,0,0,0,0,0,0,0,0,0,0,1,0,0,0,0,0,2,0,0,0,0,0,0,0,0,2,0,0,0,0,1,0,0,0,1,0,NA,NA,NA,NA,NA,NA,NA
615,15,1,C,,1,,0,0,0,0,0,0,0,0,0,1,0,0,0,0,3,0,0,0,0,0,0,0,0,0,0,0,0,0,5,0,0,0,2,0,0,0,0,0,NA,NA,NA,NA,NA,NA,NA
616,15,1,C,,1,,0,0,0,0,0,0,0,0,2,0,0,0,0,0,2,0,0,0,0,0,0,0,0,0,0,0,0,0,3,0,0,0,0,2,0,0,0,0,NA,NA,NA,NA,NA,NA,NA
617,15,1,C,,1,,0,0,0,0,0,0,0,0,0,2,0,0,0,4,0,0,0,2,0,0,0,0,5,0,0,0,7,0,1,0,0,7,0,0,0,0,0,0,NA,NA,NA,NA,NA,NA,NA
618,15,1,C,,1,,0,0,0,0,0,0,0,0,0,2,0,0,0,0,1,0,0,0,0,0,0,0,0,2,0,0,0,3,0,0,0,0,5,0,0,0,0,0,NA,NA,NA,NA,NA,NA,NA
619,15,1,C,,1,,0,0,0,0,0,0,0,0,0,2,0,0,0,4,0,0,0,0,4,0,0,0,0,5,0,0,0,5,0,0,0,0,6,0,0,0,0,0,NA,NA,NA,NA,NA,NA,NA
620,15,1,C,,1,,0,0,0,0,0,0,0,0,0,2,0,0,0,0,4,0,0,0,1,0,0,0,0,4,0,0,0,0,4,0,0,0,0,0,0,0,0,0,NA,NA,NA,NA,NA,NA,NA
621,15,1,C,,,,0,0,0,0,0,0,0,0,2,0,0,0,0,2,0,0,0,0,2,0,0,0,4,0,NA,NA,NA,NA,NA,NA,NA,NA,NA,NA,NA,NA,NA,NA,NA,NA,NA,NA,NA,NA,NA
622,15,1,C,,1,,0,0,0,0,0,0,0,0,1,0,1,0,0,5,0,0,0,2,0,0,0,0,6,0,0,0,0,5,0,0,0,5,0,0,0,0,3,0,NA,NA,NA,NA,NA,NA,NA
623,15,1,C,,1,,0,0,0,0,0,0,0,0,0,0,0,0,0,0,2,0,0,0,0,4,0,0,0,2,0,0,0,0,4,0,0,0,0,0,0,0,0,0,NA,NA,NA,NA,NA,NA,NA
624,15,1,C,,1,,0,0,0,0,0,0,0,0,2,0,0,0,0,3,0,0,0,0,0,0,0,0,4,0,0,0,0,3,0,0,0,0,1,0,0,0,0,0,NA,NA,NA,NA,NA,NA,NA
625,15,1,C,,,,0,0,0,0,0,0,0,0,0,2,0,0,NA,NA,NA,NA,NA,NA,NA,NA,NA,NA,NA,NA,NA,NA,NA,NA,NA,NA,NA,NA,NA,NA,NA,NA,NA,NA,NA,NA,NA,NA,NA,NA,NA
626,15,1,C,,,,0,0,0,0,0,0,0,0,0,0,0,0,0,2,0,0,0,0,2,0,0,0,0,2,NA,NA,NA,NA,NA,NA,NA,NA,NA,NA,NA,NA,NA,NA,NA,NA,NA,NA,NA,NA,NA
627,15,1,C,,1,,0,0,0,0,0,0,0,0,0,0,0,0,0,2,0,0,0,3,0,0,0,0,5,0,0,0,0,5,0,0,0,3,0,0,0,0,3,0,NA,NA,NA,NA,NA,NA,NA
628,15,1,C,,1,,0,0,0,0,0,0,0,0,1,0,0,0,0,2,0,0,0,0,2,0,0,0,0,5,0,0,0,4,0,0,0,0,3,0,0,0,0,0,NA,NA,NA,NA,NA,NA,NA
629,15,1,C,,,,0,0,0,0,0,0,0,0,1,2,0,0,0,0,3,0,0,0,1,0,NA,NA,NA,NA,NA,NA,NA,NA,NA,NA,NA,NA,NA,NA,NA,NA,NA,NA,NA,NA,NA,NA,NA,NA,NA
630,15,1,C,,1,,0,0,0,0,0,0,0,0,0,0,0,0,2,0,0,0,0,2,0,0,0,0,5,0,0,0,3,0,0,0,0,4,0,0,0,0,3,0,NA,NA,NA,NA,NA,NA,NA
631,15,1,C,,,,0,0,0,0,0,0,0,0,0,2,0,0,0,1,0,0,0,0,4,0,0,0,1,4,0,0,NA,NA,NA,NA,NA,NA,NA,NA,NA,NA,NA,NA,NA,NA,NA,NA,NA,NA,NA
632,15,1,C,,,,0,0,0,0,0,0,0,0,0,0,0,0,0,0,0,0,0,NA,NA,NA,NA,NA,NA,NA,NA,NA,NA,NA,NA,NA,NA,NA,NA,NA,NA,NA,NA,NA,NA,NA,NA,NA,NA,NA,NA
633,15,1,C,,1,,0,0,0,0,0,0,0,0,0,2,0,1,0,0,3,0,0,0,0,4,0,0,0,4,0,0,0,3,0,0,0,1,2,0,0,0,0,0,NA,NA,NA,NA,NA,NA,NA
634,15,1,C,,,,0,0,0,0,NA,NA,NA,NA,NA,NA,NA,NA,NA,NA,NA,NA,NA,NA,NA,NA,NA,NA,NA,NA,NA,NA,NA,NA,NA,NA,NA,NA,NA,NA,NA,NA,NA,NA,NA,NA,NA,NA,NA,NA,NA
635,15,1,C,,1,,0,0,0,0,0,0,0,0,0,0,0,0,0,0,0,0,0,0,0,3,0,0,0,0,0,0,0,0,0,0,0,0,0,1,0,0,0,0,NA,NA,NA,NA,NA,NA,NA
636,15,1,C,,1,,0,0,0,0,0,0,0,0,0,1,0,0,0,0,4,0,0,0,3,0,0,0,0,4,0,0,0,4,0,0,0,0,0,0,0,0,0,0,NA,NA,NA,NA,NA,NA,NA
637,15,1,C,,,,0,0,0,0,0,0,0,0,0,0,0,0,0,0,4,0,0,0,0,2,0,0,0,0,0,NA,NA,NA,NA,NA,NA,NA,NA,NA,NA,NA,NA,NA,NA,NA,NA,NA,NA,NA,NA
638,15,1,C,,,,0,0,0,0,0,0,0,0,0,1,1,0,0,0,3,0,0,0,3,0,0,0,0,3,0,NA,NA,NA,NA,NA,NA,NA,NA,NA,NA,NA,NA,NA,NA,NA,NA,NA,NA,NA,NA
639,15,1,C,,,,0,0,0,0,0,0,0,0,0,NA,NA,NA,NA,NA,NA,NA,NA,NA,NA,NA,NA,NA,NA,NA,NA,NA,NA,NA,NA,NA,NA,NA,NA,NA,NA,NA,NA,NA,NA,NA,NA,NA,NA,NA,NA
640,15,1,C,,1,,0,0,0,0,0,0,0,0,0,2,0,0,0,0,2,0,0,0,1,0,0,0,0,3,0,0,0,3,0,0,0,0,0,0,0,0,0,0,NA,NA,NA,NA,NA,NA,NA
641,15,1,C,,1,,0,0,0,0,0,0,0,0,2,0,0,0,0,3,0,0,0,2,0,0,0,0,4,0,0,0,4,0,0,0,0,4,0,0,0,0,4,0,NA,NA,NA,NA,NA,NA,NA
642,15,1,C,,,,0,0,0,0,0,0,0,0,1,0,0,0,0,4,0,0,0,0,5,0,0,0,2,0,0,0,0,3,0,0,0,0,NA,NA,NA,NA,NA,NA,NA,NA,NA,NA,NA,NA,NA
643,15,1,C,1,1,,0,0,0,0,0,0,0,0,1,0,0,0,0,0,0,0,0,0,0,0,0,0,NA,NA,NA,NA,NA,NA,NA,NA,NA,NA,NA,NA,NA,NA,NA,NA,NA,NA,NA,NA,NA,NA,NA
644,15,1,C,,1,,0,0,0,0,0,0,0,0,0,0,0,0,0,2,0,0,0,0,4,0,0,0,0,4,0,0,0,4,0,0,0,1,3,0,0,0,0,0,NA,NA,NA,NA,NA,NA,NA
645,15,1,C,,1,,0,0,0,0,0,0,0,0,0,3,0,0,0,0,3,0,0,0,0,4,0,0,0,5,0,0,0,0,5,0,0,0,0,5,0,0,0,0,NA,NA,NA,NA,NA,NA,NA
646,15,1,C,,,,0,0,0,0,0,0,0,0,0,0,2,0,0,0,1,0,0,0,0,4,0,0,0,2,0,NA,NA,NA,NA,NA,NA,NA,NA,NA,NA,NA,NA,NA,NA,NA,NA,NA,NA,NA,NA
647,15,1,C,,1,,0,0,0,0,0,0,0,0,1,0,0,0,0,1,0,0,0,0,7,0,0,0,3,0,0,0,0,5,0,0,0,6,0,0,0,0,4,0,NA,NA,NA,NA,NA,NA,NA
648,15,1,C,,1,,0,0,0,0,0,0,0,0,0,0,1,0,0,0,2,0,0,0,0,3,0,0,4,0,5,0,0,0,6,0,0,0,0,4,0,0,0,0,NA,NA,NA,NA,NA,NA,NA
649,15,1,C,,1,,0,0,0,0,0,0,0,0,2,0,1,0,0,2,0,0,0,2,0,0,0,0,0,0,6,0,5,0,0,0,0,2,0,1,0,0,3,0,NA,NA,NA,NA,NA,NA,NA
650,15,1,C,,1,,0,0,0,0,0,0,0,0,0,2,0,1,0,0,3,0,0,0,0,3,0,0,0,5,0,0,0,0,4,0,0,0,4,0,0,0,1,0,NA,NA,NA,NA,NA,NA,NA
651,20,1,C,,1,,0,0,0,0,2,0,0,0,0,4,0,4,0,0,5,0,4,0,0,7,0,0,4,0,0,2,0,4,0,0,5,0,0,3,0,0,2,0,NA,NA,NA,NA,NA,NA,NA
652,20,1,C,,1,,0,0,0,0,2,0,0,3,0,0,0,0,3,0,0,5,0,3,0,0,4,0,0,0,0,5,0,0,3,0,0,3,0,0,0,0,0,0,NA,NA,NA,NA,NA,NA,NA
653,20,1,C,,1,,0,0,0,1,0,0,3,0,3,3,0,4,0,0,3,0,3,0,0,0,2,0,3,0,0,4,0,0,3,0,4,0,0,3,0,0,2,0,NA,NA,NA,NA,NA,NA,NA
654,20,1,C,,1,,0,0,0,2,0,0,4,0,2,0,0,4,0,0,4,0,0,0,0,4,0,0,0,0,0,2,0,0,3,0,0,2,0,0,2,0,0,0,NA,NA,NA,NA,NA,NA,NA
655,20,1,C,,1,,0,0,0,0,2,0,4,0,0,4,0,5,0,0,7,0,5,0,0,7,0,0,4,0,5,0,0,7,0,0,4,0,0,1,0,0,3,0,NA,NA,NA,NA,NA,NA,NA
656,20,1,C,,1,,0,0,0,3,0,0,5,0,5,0,0,5,0,0,5,0,5,0,0,6,0,2,0,0,5,0,6,0,0,6,0,0,4,0,0,3,0,0,NA,NA,NA,NA,NA,NA,NA
657,20,1,C,,1,,0,0,0,2,0,0,4,0,4,0,0,6,0,3,0,0,4,0,1,7,0,5,0,0,6,0,8,0,0,7,0,0,5,0,0,2,0,0,NA,NA,NA,NA,NA,NA,NA
658,20,1,C,,1,,0,0,0,0,2,0,3,0,0,4,0,0,7,0,4,0,0,4,1,0,4,0,2,0,0,1,0,0,3,0,3,0,0,1,0,0,4,0,NA,NA,NA,NA,NA,NA,NA
659,20,1,C,,1,,0,0,0,0,4,0,3,0,0,4,1,0,4,0,5,0,0,5,0,1,0,0,5,0,5,0,0,7,0,0,8,0,0,0,0,4,0,0,NA,NA,NA,NA,NA,NA,NA
660,20,1,C,,1,,0,0,0,1,0,0,5,0,4,0,0,3,0,5,0,0,5,0,0,4,0,4,0,0,5,0,0,5,0,0,4,0,4,0,0,1,1,0,NA,NA,NA,NA,NA,NA,NA
661,20,1,C,,,,0,0,0,0,0,0,4,0,0,3,0,4,0,0,5,0,3,0,0,6,0,NA,NA,NA,NA,NA,NA,NA,NA,NA,NA,NA,NA,NA,NA,NA,NA,NA,NA,NA,NA,NA,NA,NA,NA
662,20,1,C,,1,,0,0,0,0,2,0,5,0,0,5,0,7,0,0,6,0,4,0,0,3,0,0,6,0,6,0,0,3,0,0,6,0,0,2,0,0,3,0,NA,NA,NA,NA,NA,NA,NA
663,20,1,C,,1,,0,0,0,0,3,0,3,0,0,4,0,6,0,0,5,0,3,0,0,3,0,0,3,0,0,5,0,2,0,0,3,0,0,3,0,0,2,0,NA,NA,NA,NA,NA,NA,NA
664,20,1,C,,1,,0,0,0,2,0,4,0,0,6,0,4,0,0,8,0,7,0,0,0,0,7,0,0,6,0,0,9,1,5,0,0,0,0,0,3,0,0,0,NA,NA,NA,NA,NA,NA,NA
665,20,1,C,,1,,0,0,0,3,0,0,3,0,5,0,0,4,0,2,4,0,4,0,5,2,0,5,0,0,6,0,3,0,0,6,0,0,5,0,1,0,0,0,NA,NA,NA,NA,NA,NA,NA
666,20,1,C,,,,0,0,0,3,0,0,4,0,4,0,0,0,0,NA,NA,NA,NA,NA,NA,NA,NA,NA,NA,NA,NA,NA,NA,NA,NA,NA,NA,NA,NA,NA,NA,NA,NA,NA,NA,NA,NA,NA,NA,NA,NA
667,20,1,C,,,,0,NA,NA,NA,NA,NA,NA,NA,NA,NA,NA,NA,NA,NA,NA,NA,NA,NA,NA,NA,NA,NA,NA,NA,NA,NA,NA,NA,NA,NA,NA,NA,NA,NA,NA,NA,NA,NA,NA,NA,NA,NA,NA,NA,NA
668,20,1,C,,,,0,0,0,0,2,0,2,0,0,3,0,0,3,0,NA,NA,NA,NA,NA,NA,NA,NA,NA,NA,NA,NA,NA,NA,NA,NA,NA,NA,NA,NA,NA,NA,NA,NA,NA,NA,NA,NA,NA,NA,NA
669,20,1,C,,,,0,0,0,0,1,0,3,0,0,0,0,4,0,NA,NA,NA,NA,NA,NA,NA,NA,NA,NA,NA,NA,NA,NA,NA,NA,NA,NA,NA,NA,NA,NA,NA,NA,NA,NA,NA,NA,NA,NA,NA,NA
670,20,1,C,,,,0,0,0,0,0,0,2,0,0,3,0,0,1,0,NA,NA,NA,NA,NA,NA,NA,NA,NA,NA,NA,NA,NA,NA,NA,NA,NA,NA,NA,NA,NA,NA,NA,NA,NA,NA,NA,NA,NA,NA,NA
671,20,1,C,,,,0,0,1,0,0,4,0,0,0,0,2,0,0,NA,NA,NA,NA,NA,NA,NA,NA,NA,NA,NA,NA,NA,NA,NA,NA,NA,NA,NA,NA,NA,NA,NA,NA,NA,NA,NA,NA,NA,NA,NA,NA
672,20,1,C,,,,0,0,0,2,0,0,3,0,0,4,0,NA,NA,NA,NA,NA,NA,NA,NA,NA,NA,NA,NA,NA,NA,NA,NA,NA,NA,NA,NA,NA,NA,NA,NA,NA,NA,NA,NA,NA,NA,NA,NA,NA,NA
673,20,1,C,,,,0,0,0,0,0,0,4,0,0,4,0,0,4,0,0,0,0,0,0,0,0,NA,NA,NA,NA,NA,NA,NA,NA,NA,NA,NA,NA,NA,NA,NA,NA,NA,NA,NA,NA,NA,NA,NA,NA
674,20,1,C,,,,0,0,0,2,0,0,2,0,0,0,0,3,0,0,NA,NA,NA,NA,NA,NA,NA,NA,NA,NA,NA,NA,NA,NA,NA,NA,NA,NA,NA,NA,NA,NA,NA,NA,NA,NA,NA,NA,NA,NA,NA
675,20,1,C,,1,,0,0,0,0,2,0,3,0,0,2,0,2,0,0,4,0,0,3,0,3,0,0,4,0,6,0,1,2,0,0,3,0,0,3,0,2,0,0,NA,NA,NA,NA,NA,NA,NA
678,20,1,C,,,,0,0,0,0,0,NA,NA,NA,NA,NA,NA,NA,NA,NA,NA,NA,NA,NA,NA,NA,NA,NA,NA,NA,NA,NA,NA,NA,NA,NA,NA,NA,NA,NA,NA,NA,NA,NA,NA,NA,NA,NA,NA,NA,NA
679,20,1,C,,,,0,0,0,0,0,0,0,2,0,4,0,NA,NA,NA,NA,NA,NA,NA,NA,NA,NA,NA,NA,NA,NA,NA,NA,NA,NA,NA,NA,NA,NA,NA,NA,NA,NA,NA,NA,NA,NA,NA,NA,NA,NA
680,20,1,C,,,,0,0,0,0,2,0,0,0,0,3,0,0,2,0,NA,NA,NA,NA,NA,NA,NA,NA,NA,NA,NA,NA,NA,NA,NA,NA,NA,NA,NA,NA,NA,NA,NA,NA,NA,NA,NA,NA,NA,NA,NA
681,20,1,C,,1,,0,0,0,0,1,0,1,0,0,4,0,4,0,0,5,1,0,5,0,0,5,0,2,0,0,4,0,0,1,0,4,0,0,1,0,0,1,0,NA,NA,NA,NA,NA,NA,NA
682,20,1,C,,1,,0,0,0,0,0,0,0,3,0,0,0,0,3,0,0,4,0,3,0,0,3,0,0,2,0,0,3,0,3,0,0,2,0,0,0,0,0,0,NA,NA,NA,NA,NA,NA,NA
683,20,1,C,,,,0,0,0,0,2,0,1,0,0,2,0,0,1,0,0,1,0,0,0,0,0,2,0,NA,NA,NA,NA,NA,NA,NA,NA,NA,NA,NA,NA,NA,NA,NA,NA,NA,NA,NA,NA,NA,NA
684,20,1,C,,1,,0,0,0,0,0,0,1,0,0,2,0,4,0,0,6,0,4,0,0,3,0,0,5,0,5,0,0,4,0,0,4,0,0,1,0,1,0,0,NA,NA,NA,NA,NA,NA,NA
685,20,1,C,,,,0,0,0,2,0,0,3,0,0,0,0,NA,NA,NA,NA,NA,NA,NA,NA,NA,NA,NA,NA,NA,NA,NA,NA,NA,NA,NA,NA,NA,NA,NA,NA,NA,NA,NA,NA,NA,NA,NA,NA,NA,NA
686,20,1,C,,,,0,0,0,0,1,0,0,3,0,0,0,0,3,0,0,NA,NA,NA,NA,NA,NA,NA,NA,NA,NA,NA,NA,NA,NA,NA,NA,NA,NA,NA,NA,NA,NA,NA,NA,NA,NA,NA,NA,NA,NA
687,20,1,C,,1,,0,0,0,0,0,0,1,1,3,0,0,2,0,0,5,0,1,0,0,3,0,0,3,0,4,0,0,5,0,0,6,0,3,0,0,3,0,0,NA,NA,NA,NA,NA,NA,NA
688,20,1,C,,1,,0,0,0,2,2,3,1,0,5,0,2,0,0,4,0,4,0,0,5,0,0,6,0,0,6,0,2,0,0,4,0,0,3,0,2,0,0,0,NA,NA,NA,NA,NA,NA,NA
689,20,1,C,,,,0,0,0,0,2,0,2,0,0,2,0,NA,NA,NA,NA,NA,NA,NA,NA,NA,NA,NA,NA,NA,NA,NA,NA,NA,NA,NA,NA,NA,NA,NA,NA,NA,NA,NA,NA,NA,NA,NA,NA,NA,NA
690,20,1,C,,,,0,0,0,0,0,0,0,0,0,1,0,0,0,NA,NA,NA,NA,NA,NA,NA,NA,NA,NA,NA,NA,NA,NA,NA,NA,NA,NA,NA,NA,NA,NA,NA,NA,NA,NA,NA,NA,NA,NA,NA,NA
691,20,1,C,,,,0,0,0,2,0,4,0,0,3,0,0,NA,NA,NA,NA,NA,NA,NA,NA,NA,NA,NA,NA,NA,NA,NA,NA,NA,NA,NA,NA,NA,NA,NA,NA,NA,NA,NA,NA,NA,NA,NA,NA,NA,NA
692,20,1,C,,,,0,0,0,2,0,0,3,0,1,0,0,0,0,0,NA,NA,NA,NA,NA,NA,NA,NA,NA,NA,NA,NA,NA,NA,NA,NA,NA,NA,NA,NA,NA,NA,NA,NA,NA,NA,NA,NA,NA,NA,NA
693,20,1,C,,,,0,0,0,2,0,0,3,0,0,2,0,4,NA,NA,NA,NA,NA,NA,NA,NA,NA,NA,NA,NA,NA,NA,NA,NA,NA,NA,NA,NA,NA,NA,NA,NA,NA,NA,NA,NA,NA,NA,NA,NA,NA
694,20,1,C,,,,0,0,0,0,1,0,0,4,0,3,0,0,1,0,0,3,0,1,0,0,0,NA,NA,NA,NA,NA,NA,NA,NA,NA,NA,NA,NA,NA,NA,NA,NA,NA,NA,NA,NA,NA,NA,NA,NA
695,20,1,C,,1,,0,0,0,2,0,0,2,0,0,0,1,0,0,0,3,0,3,0,0,4,0,0,1,0,3,0,0,2,0,1,3,0,0,2,0,1,2,0,NA,NA,NA,NA,NA,NA,NA
696,20,1,C,,,,0,0,0,0,0,0,1,0,0,2,1,4,NA,NA,NA,NA,NA,NA,NA,NA,NA,NA,NA,NA,NA,NA,NA,NA,NA,NA,NA,NA,NA,NA,NA,NA,NA,NA,NA,NA,NA,NA,NA,NA,NA
697,20,1,C,,1,,0,0,0,0,0,0,2,0,0,2,0,4,0,0,2,0,0,0,0,0,1,0,1,0,0,0,0,0,0,0,0,0,0,0,0,0,1,0,NA,NA,NA,NA,NA,NA,NA
698,20,1,C,,1,,0,0,0,0,0,3,0,0,0,0,1,0,0,0,2,0,0,0,0,0,0,0,0,0,0,0,0,0,0,0,0,0,0,0,0,0,0,0,NA,NA,NA,NA,NA,NA,NA
699,20,1,C,,,,0,0,0,0,0,0,2,0,0,1,0,0,3,0,0,0,2,1,NA,NA,NA,NA,NA,NA,NA,NA,NA,NA,NA,NA,NA,NA,NA,NA,NA,NA,NA,NA,NA,NA,NA,NA,NA,NA,NA
700,20,1,C,,1,,0,0,0,2,0,0,0,0,0,0,0,0,0,0,0,0,0,0,0,2,1,2,0,0,2,0,1,1,0,0,1,0,1,0,0,0,0,0,NA,NA,NA,NA,NA,NA,NA
701,25,1,C,,,,0,3,0,2,0,0,0,0,0,0,0,NA,NA,NA,NA,NA,NA,NA,NA,NA,NA,NA,NA,NA,NA,NA,NA,NA,NA,NA,NA,NA,NA,NA,NA,NA,NA,NA,NA,NA,NA,NA,NA,NA,NA
702,25,1,C,,1,,0,0,3,0,0,4,0,4,0,8,0,5,0,2,0,0,0,3,0,1,0,0,0,0,2,3,0,2,0,0,1,0,0,2,0,2,0,0,NA,NA,NA,NA,NA,NA,NA
703,25,1,C,,,,0,0,0,4,0,0,0,4,0,1,0,0,0,2,0,0,0,0,0,0,0,0,0,0,0,0,0,0,0,0,0,NA,NA,NA,NA,NA,NA,NA,NA,NA,NA,NA,NA,NA,NA
704,25,1,C,,,,0,0,1,3,0,5,0,5,0,4,0,0,0,2,0,2,0,4,0,5,0,2,0,3,0,3,0,2,0,0,0,0,0,NA,NA,NA,NA,NA,NA,NA,NA,NA,NA,NA,NA
705,25,1,C,,,,0,0,0,2,1,6,0,5,1,8,8,0,NA,NA,NA,NA,NA,NA,NA,NA,NA,NA,NA,NA,NA,NA,NA,NA,NA,NA,NA,NA,NA,NA,NA,NA,NA,NA,NA,NA,NA,NA,NA,NA,NA
706,25,1,C,,,1,0,0,0,2,0,3,0,NA,NA,NA,NA,NA,NA,NA,NA,NA,NA,NA,NA,NA,NA,NA,NA,NA,NA,NA,NA,NA,NA,NA,NA,NA,NA,NA,NA,NA,NA,NA,NA,NA,NA,NA,NA,NA,NA
707,25,1,C,,,,0,0,0,3,1,2,0,4,2,0,6,0,6,0,6,0,3,0,3,0,1,0,5,0,0,1,0,0,0,0,2,0,1,0,0,NA,NA,NA,NA,NA,NA,NA,NA,NA,NA
708,25,1,C,,,,0,0,3,0,5,4,0,0,0,4,0,0,1,0,0,0,0,0,0,NA,NA,NA,NA,NA,NA,NA,NA,NA,NA,NA,NA,NA,NA,NA,NA,NA,NA,NA,NA,NA,NA,NA,NA,NA,NA
709,25,1,C,,,,0,0,2,0,2,0,1,0,3,4,0,5,0,2,0,3,0,5,0,3,0,0,0,0,2,4,0,3,0,0,0,NA,NA,NA,NA,NA,NA,NA,NA,NA,NA,NA,NA,NA,NA
710,25,1,C,,,,0,0,2,0,3,0,4,0,2,0,1,0,0,0,0,0,0,0,0,0,2,0,1,NA,NA,NA,NA,NA,NA,NA,NA,NA,NA,NA,NA,NA,NA,NA,NA,NA,NA,NA,NA,NA,NA
711,25,1,C,,1,,0,0,3,3,0,6,0,4,0,4,0,3,0,3,0,3,0,3,0,1,0,2,0,3,0,4,0,4,0,4,0,4,0,3,0,0,3,0,NA,NA,NA,NA,NA,NA,NA
712,25,1,C,,,,0,0,2,3,0,2,0,3,0,2,0,1,2,0,1,0,0,0,2,0,NA,NA,NA,NA,NA,NA,NA,NA,NA,NA,NA,NA,NA,NA,NA,NA,NA,NA,NA,NA,NA,NA,NA,NA,NA
713,25,1,C,,,,0,2,0,4,1,4,0,6,NA,NA,NA,NA,NA,NA,NA,NA,NA,NA,NA,NA,NA,NA,NA,NA,NA,NA,NA,NA,NA,NA,NA,NA,NA,NA,NA,NA,NA,NA,NA,NA,NA,NA,NA,NA,NA
714,25,1,C,,,,0,2,0,3,0,5,0,3,0,8,0,4,0,5,0,4,0,7,0,5,0,4,0,5,0,0,NA,NA,NA,NA,NA,NA,NA,NA,NA,NA,NA,NA,NA,NA,NA,NA,NA,NA,NA
715,25,1,C,,,,0,2,0,4,0,2,0,4,0,4,0,5,3,5,0,6,0,7,0,4,0,0,3,0,1,2,0,0,1,1,0,NA,NA,NA,NA,NA,NA,NA,NA,NA,NA,NA,NA,NA,NA
716,25,1,C,,,,0,2,0,2,0,4,0,3,0,0,0,NA,NA,NA,NA,NA,NA,NA,NA,NA,NA,NA,NA,NA,NA,NA,NA,NA,NA,NA,NA,NA,NA,NA,NA,NA,NA,NA,NA,NA,NA,NA,NA,NA,NA
717,25,1,C,,,,0,3,0,2,0,4,0,1,1,0,NA,NA,NA,NA,NA,NA,NA,NA,NA,NA,NA,NA,NA,NA,NA,NA,NA,NA,NA,NA,NA,NA,NA,NA,NA,NA,NA,NA,NA,NA,NA,NA,NA,NA,NA
718,25,1,C,,1,,0,0,2,0,0,0,2,0,6,0,3,0,5,0,4,0,4,0,3,0,3,0,0,1,2,0,4,0,3,0,3,0,0,2,0,3,0,0,NA,NA,NA,NA,NA,NA,NA
719,25,1,C,,,,0,0,1,0,0,0,1,0,0,0,NA,NA,NA,NA,NA,NA,NA,NA,NA,NA,NA,NA,NA,NA,NA,NA,NA,NA,NA,NA,NA,NA,NA,NA,NA,NA,NA,NA,NA,NA,NA,NA,NA,NA,NA
720,25,1,C,,,,0,0,2,2,0,3,0,2,0,0,NA,NA,NA,NA,NA,NA,NA,NA,NA,NA,NA,NA,NA,NA,NA,NA,NA,NA,NA,NA,NA,NA,NA,NA,NA,NA,NA,NA,NA,NA,NA,NA,NA,NA,NA
721,25,1,C,,,,0,0,1,0,2,1,2,0,2,0,4,0,0,0,3,0,2,0,0,2,0,0,0,1,0,0,0,0,2,0,NA,NA,NA,NA,NA,NA,NA,NA,NA,NA,NA,NA,NA,NA,NA
726,25,1,C,,,,0,0,0,2,0,0,2,0,0,NA,NA,NA,NA,NA,NA,NA,NA,NA,NA,NA,NA,NA,NA,NA,NA,NA,NA,NA,NA,NA,NA,NA,NA,NA,NA,NA,NA,NA,NA,NA,NA,NA,NA,NA,NA
727,25,1,C,,,,0,0,2,0,0,2,0,2,0,0,NA,NA,NA,NA,NA,NA,NA,NA,NA,NA,NA,NA,NA,NA,NA,NA,NA,NA,NA,NA,NA,NA,NA,NA,NA,NA,NA,NA,NA,NA,NA,NA,NA,NA,NA
728,25,1,C,,,,0,1,0,0,0,4,0,1,0,NA,NA,NA,NA,NA,NA,NA,NA,NA,NA,NA,NA,NA,NA,NA,NA,NA,NA,NA,NA,NA,NA,NA,NA,NA,NA,NA,NA,NA,NA,NA,NA,NA,NA,NA,NA
729,25,1,C,,,,0,4,0,3,5,4,0,3,0,0,0,NA,NA,NA,NA,NA,NA,NA,NA,NA,NA,NA,NA,NA,NA,NA,NA,NA,NA,NA,NA,NA,NA,NA,NA,NA,NA,NA,NA,NA,NA,NA,NA,NA,NA
730,25,1,C,,,,0,0,0,2,0,4,0,4,0,NA,NA,NA,NA,NA,NA,NA,NA,NA,NA,NA,NA,NA,NA,NA,NA,NA,NA,NA,NA,NA,NA,NA,NA,NA,NA,NA,NA,NA,NA,NA,NA,NA,NA,NA,NA
731,25,1,C,,1,,0,4,0,4,0,4,0,4,0,5,0,2,1,5,0,6,0,6,0,4,0,3,0,2,0,4,0,4,0,3,0,3,0,2,0,2,0,0,NA,NA,NA,NA,NA,NA,NA
732,25,1,C,,,,0,3,0,4,0,2,0,1,0,0,NA,NA,NA,NA,NA,NA,NA,NA,NA,NA,NA,NA,NA,NA,NA,NA,NA,NA,NA,NA,NA,NA,NA,NA,NA,NA,NA,NA,NA,NA,NA,NA,NA,NA,NA
733,25,1,C,,,,0,2,0,0,0,4,0,4,0,0,0,0,NA,NA,NA,NA,NA,NA,NA,NA,NA,NA,NA,NA,NA,NA,NA,NA,NA,NA,NA,NA,NA,NA,NA,NA,NA,NA,NA,NA,NA,NA,NA,NA,NA
734,25,1,C,,,,0,3,0,2,0,0,0,0,3,0,0,NA,NA,NA,NA,NA,NA,NA,NA,NA,NA,NA,NA,NA,NA,NA,NA,NA,NA,NA,NA,NA,NA,NA,NA,NA,NA,NA,NA,NA,NA,NA,NA,NA,NA
735,25,1,C,,,,0,0,0,3,0,3,0,1,0,NA,NA,NA,NA,NA,NA,NA,NA,NA,NA,NA,NA,NA,NA,NA,NA,NA,NA,NA,NA,NA,NA,NA,NA,NA,NA,NA,NA,NA,NA,NA,NA,NA,NA,NA,NA
736,25,1,C,,,,0,3,3,2,0,4,0,0,NA,NA,NA,NA,NA,NA,NA,NA,NA,NA,NA,NA,NA,NA,NA,NA,NA,NA,NA,NA,NA,NA,NA,NA,NA,NA,NA,NA,NA,NA,NA,NA,NA,NA,NA,NA,NA
737,25,1,C,,,,0,0,2,2,0,3,0,5,0,2,0,1,0,0,0,1,0,0,0,0,NA,NA,NA,NA,NA,NA,NA,NA,NA,NA,NA,NA,NA,NA,NA,NA,NA,NA,NA,NA,NA,NA,NA,NA,NA
738,25,1,C,,,,NA,NA,NA,NA,NA,NA,NA,NA,NA,NA,NA,NA,NA,NA,NA,NA,NA,NA,NA,NA,NA,NA,NA,NA,NA,NA,NA,NA,NA,NA,NA,NA,NA,NA,NA,NA,NA,NA,NA,NA,NA,NA,NA,NA,NA
739,25,1,C,,,,0,2,0,3,0,4,0,0,NA,NA,NA,NA,NA,NA,NA,NA,NA,NA,NA,NA,NA,NA,NA,NA,NA,NA,NA,NA,NA,NA,NA,NA,NA,NA,NA,NA,NA,NA,NA,NA,NA,NA,NA,NA,NA
740,25,1,C,,,,0,3,0,3,0,2,0,4,0,0,NA,NA,NA,NA,NA,NA,NA,NA,NA,NA,NA,NA,NA,NA,NA,NA,NA,NA,NA,NA,NA,NA,NA,NA,NA,NA,NA,NA,NA,NA,NA,NA,NA,NA,NA
741,25,1,C,,,,0,2,0,3,0,3,0,3,1,0,NA,NA,NA,NA,NA,NA,NA,NA,NA,NA,NA,NA,NA,NA,NA,NA,NA,NA,NA,NA,NA,NA,NA,NA,NA,NA,NA,NA,NA,NA,NA,NA,NA,NA,NA
742,25,1,C,,,,0,1,0,4,0,2,0,2,0,0,NA,NA,NA,NA,NA,NA,NA,NA,NA,NA,NA,NA,NA,NA,NA,NA,NA,NA,NA,NA,NA,NA,NA,NA,NA,NA,NA,NA,NA,NA,NA,NA,NA,NA,NA
743,25,1,C,,,,0,0,2,0,3,0,3,0,2,0,0,NA,NA,NA,NA,NA,NA,NA,NA,NA,NA,NA,NA,NA,NA,NA,NA,NA,NA,NA,NA,NA,NA,NA,NA,NA,NA,NA,NA,NA,NA,NA,NA,NA,NA
744,25,1,C,,,,0,0,2,0,0,2,0,2,0,NA,NA,NA,NA,NA,NA,NA,NA,NA,NA,NA,NA,NA,NA,NA,NA,NA,NA,NA,NA,NA,NA,NA,NA,NA,NA,NA,NA,NA,NA,NA,NA,NA,NA,NA,NA
745,25,1,C,,,,0,0,3,3,0,2,1,3,1,0,0,0,NA,NA,NA,NA,NA,NA,NA,NA,NA,NA,NA,NA,NA,NA,NA,NA,NA,NA,NA,NA,NA,NA,NA,NA,NA,NA,NA,NA,NA,NA,NA,NA,NA
746,25,1,C,,1,,0,2,0,3,0,2,0,2,0,2,0,2,0,4,0,3,0,0,0,2,0,0,2,0,2,0,0,0,1,0,0,0,0,0,0,0,0,0,NA,NA,NA,NA,NA,NA,NA
747,25,1,C,,,,NA,NA,NA,NA,NA,NA,NA,NA,NA,NA,NA,NA,NA,NA,NA,NA,NA,NA,NA,NA,NA,NA,NA,NA,NA,NA,NA,NA,NA,NA,NA,NA,NA,NA,NA,NA,NA,NA,NA,NA,NA,NA,NA,NA,NA
748,25,1,C,,,,0,0,3,0,2,2,0,2,0,0,NA,NA,NA,NA,NA,NA,NA,NA,NA,NA,NA,NA,NA,NA,NA,NA,NA,NA,NA,NA,NA,NA,NA,NA,NA,NA,NA,NA,NA,NA,NA,NA,NA,NA,NA
749,25,1,C,,,,0,1,0,0,0,6,0,5,0,3,0,0,0,0,0,NA,NA,NA,NA,NA,NA,NA,NA,NA,NA,NA,NA,NA,NA,NA,NA,NA,NA,NA,NA,NA,NA,NA,NA,NA,NA,NA,NA,NA,NA
750,25,1,C,,,,0,2,1,1,0,4,0,3,0,0,NA,NA,NA,NA,NA,NA,NA,NA,NA,NA,NA,NA,NA,NA,NA,NA,NA,NA,NA,NA,NA,NA,NA,NA,NA,NA,NA,NA,NA,NA,NA,NA,NA,NA,NA